rang,id,naslov,tip,st_epizod,leto,ogledi,ocena
1,5114,Fullmetal Alchemist: Brotherhood,TV,64,2009,1327051,9.2
3,9253,Steins;Gate,TV,24,2011,1116166,9.1
4,28977,Gintama°,TV,51,2015,226008,9.1
5,11061,Hunter x Hunter (2011),TV,148,2011,818148,9.1
7,9969,Gintama',TV,51,2011,235640,9.1
8,35180,3-gatsu no Lion 2nd Season,TV,22,2017,114343,9.0
9,15417,Gintama': Enchousen,TV,13,2012,137790,9.0
12,4181,Clannad: After Story,TV,24,2008,650960,9.0
13,918,Gintama,TV,201,2006,498314,9.0
14,34096,Gintama.,TV,12,2017,107855,9.0
15,35247,Owarimonogatari 2nd Season,TV,7,2017,141174,9.0
16,32935,Haikyuu!!: Karasuno Koukou vs. Shiratorizawa Gakuen Koukou,TV,10,2016,295729,8.9
17,2904,Code Geass: Hangyaku no Lelouch R2,TV,25,2008,856010,8.9
19,34599,Made in Abyss,TV,13,2017,419992,8.8
20,23273,Shigatsu wa Kimi no Uso,TV,22,2014,807181,8.8
21,28891,Haikyuu!! Second Season,TV,25,2015,380517,8.8
23,33095,Shouwa Genroku Rakugo Shinjuu: Sukeroku Futatabi-hen,TV,12,2017,86249,8.8
24,37491,Gintama.: Shirogane no Tamashii-hen - Kouhan-sen,TV,14,2018,40008,8.8
25,36838,Gintama.: Shirogane no Tamashii-hen,TV,12,2018,57721,8.8
26,1,Cowboy Bebop,TV,26,1998,782426,8.8
27,37991,JoJo no Kimyou na Bouken: Ougon no Kaze,TV,39,2018,101227,8.8
28,24701,Mushishi Zoku Shou 2nd Season,TV,10,2014,131321,8.8
29,263,Hajime no Ippo,TV,75,2000,253279,8.7
31,1575,Code Geass: Hangyaku no Lelouch,TV,25,2006,1066207,8.7
33,17074,Monogatari Series: Second Season,TV,26,2013,336334,8.7
34,21939,Mushishi Zoku Shou,TV,10,2014,159279,8.7
36,245,Great Teacher Onizuka,TV,43,1999,391454,8.7
37,457,Mushishi,TV,26,2005,440941,8.7
38,2001,Tengen Toppa Gurren Lagann,TV,27,2007,855664,8.7
39,33486,Boku no Hero Academia 2nd Season,TV,25,2017,739427,8.7
40,5258,Hajime no Ippo: New Challenger,TV,26,2009,137941,8.7
42,34591,Natsume Yuujinchou Roku,TV,11,2017,78936,8.7
44,11665,Natsume Yuujinchou Shi,TV,13,2012,141996,8.7
45,30276,One Punch Man,TV,12,2015,1160132,8.7
47,36456,Boku no Hero Academia 3rd Season,TV,25,2018,498348,8.7
48,19,Monster,TV,74,2004,388481,8.6
52,37450,Seishun Buta Yarou wa Bunny Girl Senpai no Yume wo Minai,TV,13,2018,237167,8.6
53,1535,Death Note,TV,37,2006,1582700,8.6
54,34612,Saiki Kusuo no Ψ-nan 2,TV,24,2018,107950,8.6
55,12365,Bakuman. 3rd Season,TV,25,2012,197403,8.6
56,20583,Haikyuu!!,TV,25,2014,543119,8.6
57,19647,Hajime no Ippo: Rising,TV,25,2013,114417,8.6
58,7785,Yojouhan Shinwa Taikei,TV,11,2010,203746,8.6
59,30654,Ansatsu Kyoushitsu 2nd Season,TV,25,2016,444553,8.6
60,11741,Fate/Zero 2nd Season,TV,12,2012,543774,8.6
61,31933,JoJo no Kimyou na Bouken: Diamond wa Kudakenai,TV,39,2016,225927,8.6
62,10379,Natsume Yuujinchou San,TV,13,2011,148919,8.6
64,22135,Ping Pong the Animation,TV,11,2014,163629,8.6
65,30484,Steins;Gate 0,TV,23,2018,320577,8.6
66,2921,Ashita no Joe 2,TV,47,1980,15419,8.6
68,32983,Natsume Yuujinchou Go,TV,11,2016,89851,8.6
69,28735,Shouwa Genroku Rakugo Shinjuu,TV,13,2016,155576,8.6
72,35839,Sora yori mo Tooi Basho,TV,13,2018,156329,8.6
73,5300,Zoku Natsume Yuujinchou,TV,13,2009,156252,8.6
74,36259,Pingu in the City,TV,26,2017,26009,8.5
75,33352,Violet Evergarden,TV,13,2018,445197,8.5
76,3297,Aria The Origination,TV,13,2008,75640,8.5
77,6114,Rainbow: Nisha Rokubou no Shichinin,TV,26,2010,214256,8.5
78,35843,Gintama.: Porori-hen,TV,13,2017,66059,8.5
81,26055,JoJo no Kimyou na Bouken: Stardust Crusaders 2nd Season,TV,24,2015,233391,8.5
82,33255,Saiki Kusuo no Ψ-nan,TV,120,2016,200196,8.5
85,12431,Uchuu Kyoudai,TV,99,2012,107262,8.5
86,31043,Boku dake ga Inai Machi,TV,12,2016,784095,8.5
87,801,Ghost in the Shell: Stand Alone Complex 2nd GIG,TV,26,2004,158944,8.5
88,170,Slam Dunk,TV,101,1993,126460,8.5
89,9989,Ano Hi Mita Hana no Namae wo Bokutachi wa Mada Shiranai.,TV,11,2011,721636,8.5
91,5028,Major S5,TV,25,2009,41502,8.5
92,21,One Piece,TV,4,2015,70638,8.5
94,24415,Kuroko no Basket 3rd Season,TV,25,2015,317534,8.5
95,10165,Nichijou,TV,26,2011,418260,8.5
96,35760,Shingeki no Kyojin Season 3,TV,12,2018,365628,8.5
97,28171,Shokugeki no Souma,TV,24,2015,686358,8.5
100,10162,Usagi Drop,TV,11,2011,290244,8.5
102,22535,Kiseijuu: Sei no Kakuritsu,TV,24,2014,751023,8.5
104,32182,Mob Psycho 100,TV,12,2016,569037,8.5
106,38262,Pingu in the City (2018),TV,26,2018,3898,8.5
107,205,Samurai Champloo,TV,26,2004,594203,8.5
109,5941,Cross Game,TV,50,2009,75949,8.4
111,17389,Kingdom 2nd Season,TV,39,2013,50190,8.4
112,877,Nana,TV,47,2006,281020,8.4
113,16498,Shingeki no Kyojin,TV,25,2013,1472352,8.4
114,392,Yuu☆Yuu☆Hakusho,TV,112,1992,301738,8.4
115,2251,Baccano!,TV,13,2007,517764,8.4
117,10030,Bakuman. 2nd Season,TV,25,2011,216402,8.4
118,14397,Chihayafuru 2,TV,25,2013,123157,8.4
120,35557,Houseki no Kuni,TV,12,2017,166686,8.4
121,136,Hunter x Hunter,TV,62,1999,252362,8.4
122,16894,Kuroko no Basket 2nd Season,TV,25,2013,383289,8.4
124,22789,Barakamon,TV,12,2014,358875,8.4
125,467,Ghost in the Shell: Stand Alone Complex,TV,26,2002,267528,8.4
127,33,Kenpuu Denki Berserk,TV,25,1997,322271,8.4
129,13125,Shinsekai yori,TV,25,2012,447697,8.4
130,7655,Major S6,TV,25,2010,36177,8.4
131,2246,Mononoke,TV,12,2007,138638,8.4
132,31181,Owarimonogatari,TV,12,2015,218819,8.4
133,35788,Shokugeki no Souma: San no Sara,TV,12,2017,310206,8.4
134,31646,3-gatsu no Lion,TV,22,2016,230158,8.4
137,9756,Mahou Shoujo Madoka★Magica,TV,12,2011,685852,8.4
140,13601,Psycho-Pass,TV,22,2012,819009,8.4
141,25777,Shingeki no Kyojin Season 2,TV,12,2017,757400,8.4
142,32282,Shokugeki no Souma: Ni no Sara,TV,13,2016,448354,8.4
145,31964,Boku no Hero Academia,TV,13,2016,923510,8.4
147,10087,Fate/Zero,TV,13,2011,724377,8.4
148,6594,Katanagatari,TV,12,2010,309978,8.4
151,2559,Romeo no Aoi Sora,TV,33,1995,24457,8.4
152,12531,Sakamichi no Apollon,TV,12,2012,207736,8.4
155,486,Kino no Tabi: The Beautiful World,TV,13,2003,159375,8.4
156,18115,Magi: The Kingdom of Magic,TV,25,2013,411430,8.4
157,5341,Ookami to Koushinryou II,TV,12,2009,294962,8.4
158,25835,Shirobako,TV,24,2014,247007,8.4
161,37105,Grand Blue,TV,12,2018,136800,8.4
162,5420,Kemono no Souja Erin,TV,50,2009,52859,8.4
165,37430,Tensei shitara Slime Datta Ken,TV,24,2018,196379,8.4
166,30230,Diamond no Ace: Second Season,TV,51,2015,63155,8.4
169,1698,Nodame Cantabile,TV,23,2007,210575,8.4
170,30503,Noragami Aragoto,TV,13,2015,615799,8.4
171,31240,Re:Zero kara Hajimeru Isekai Seikatsu,TV,25,2016,815015,8.4
173,28701,Fate/stay night: Unlimited Blade Works 2nd Season,TV,13,2015,373172,8.3
175,14719,JoJo no Kimyou na Bouken (TV),TV,26,2012,402435,8.3
176,4081,Natsume Yuujinchou,TV,13,2008,305775,8.3
177,19815,No Game No Life,TV,12,2014,1074522,8.3
178,5040,One Outs,TV,25,2008,126743,8.3
179,45,Rurouni Kenshin: Meiji Kenkaku Romantan,TV,94,1996,293509,8.3
185,4224,Toradora!,TV,25,2008,990414,8.3
188,627,Major S1,TV,26,2004,58602,8.3
189,1210,NHK ni Youkoso!,TV,24,2006,411792,8.3
190,36949,Shokugeki no Souma: San no Sara - Toutsuki Ressha-hen,TV,12,2018,212934,8.3
191,338,Versailles no Bara,TV,40,1979,48577,8.3
192,57,Beck,TV,26,2004,196471,8.3
194,32937,Kono Subarashii Sekai ni Shukufuku wo! 2,TV,10,2017,496090,8.3
195,1842,Major S3,TV,26,2007,41635,8.3
196,5081,Bakemonogatari,TV,15,2009,722111,8.3
199,11771,Kuroko no Basket,TV,25,2012,524966,8.3
200,558,Major S2,TV,26,2005,43257,8.3
202,329,Planetes,TV,26,2003,148860,8.3
206,36296,Hinamatsuri,TV,12,2018,176517,8.3
208,11843,Danshi Koukousei no Nichijou,TV,12,2012,408244,8.3
209,19363,Gin no Saji 2nd Season,TV,11,2014,93706,8.3
210,1889,Higurashi no Naku Koro ni Kai,TV,24,2007,286663,8.3
211,5690,Nodame Cantabile Finale,TV,11,2010,89704,8.3
212,2966,Ookami to Koushinryou,TV,13,2008,473896,8.3
214,36649,Banana Fish,TV,24,2018,102900,8.3
215,22297,Fate/stay night: Unlimited Blade Works,TV,12,2014,465059,8.3
216,1142,Hachimitsu to Clover II,TV,12,2006,75135,8.3
218,30,Neon Genesis Evangelion,TV,26,1995,704963,8.3
219,853,Ouran Koukou Host Club,TV,26,2006,571280,8.3
222,9863,SKET Dance,TV,77,2011,139168,8.3
225,34822,Tsuki ga Kirei,TV,12,2017,200106,8.3
226,34798,Yuru Camp△,TV,12,2018,147734,8.3
227,2402,Ashita no Joe,TV,79,1970,34916,8.3
228,7674,Bakuman.,TV,25,2010,357595,8.3
229,34636,Ballroom e Youkoso,TV,24,2017,138505,8.3
233,3002,Gyakkyou Burai Kaiji: Ultimate Survivor,TV,26,2007,164183,8.3
234,6811,InuYasha: Kanketsu-hen,TV,26,2009,143811,8.3
235,22145,Kuroshitsuji: Book of Circus,TV,10,2014,193343,8.3
236,18195,Little Busters!: Refrain,TV,13,2013,102293,8.3
237,3226,Major S4,TV,26,2008,39437,8.3
240,13759,Sakurasou no Pet na Kanojo,TV,24,2012,606601,8.3
244,32867,Bungou Stray Dogs 2nd Season,TV,12,2016,233481,8.3
245,813,Dragon Ball Z,TV,291,1989,582201,8.3
247,22507,Initial D Final Stage,TV,4,2014,46288,8.3
249,34577,Nanatsu no Taizai: Imashime no Fukkatsu,TV,24,2018,314325,8.3
251,6,Trigun,TV,26,1998,403895,8.3
252,3091,xxxHOLiC Kei,TV,13,2008,94112,8.3
253,6547,Angel Beats!,TV,13,2010,1089044,8.2
255,31988,Hibike! Euphonium 2,TV,13,2016,108146,8.2
256,185,Initial D First Stage,TV,26,1998,131239,8.2
257,1604,Katekyo Hitman Reborn!,TV,203,2006,353550,8.2
262,10800,Chihayafuru,TV,25,2011,231248,8.2
263,121,Fullmetal Alchemist,TV,51,2003,844575,8.2
267,23847,Yahari Ore no Seishun Love Comedy wa Machigatteiru. Zoku,TV,13,2015,396546,8.2
269,6746,Durarara!!,TV,24,2010,797100,8.2
270,35972,Fairy Tail: Final Series,TV,26,2011,93143,8.2
272,33051,Mobile Suit Gundam: Iron-Blooded Orphans 2nd Season,TV,25,2016,62286,8.2
273,23327,Space☆Dandy 2nd Season,TV,13,2014,92277,8.2
274,1519,Black Lagoon: The Second Barrage,TV,12,2006,278536,8.2
276,25681,Kamisama Hajimemashita◎,TV,12,2015,155468,8.2
278,962,Aria The Natural,TV,26,2006,50759,8.2
279,28223,Death Parade,TV,12,2015,722243,8.2
280,235,Detective Conan,TV,1,2010,30328,8.2
285,23755,Nanatsu no Taizai,TV,24,2014,732925,8.2
287,37171,Asobi Asobase,TV,12,2018,102621,8.2
288,20899,JoJo no Kimyou na Bouken: Stardust Crusaders,TV,24,2014,270744,8.2
290,1453,Maison Ikkoku,TV,96,1986,34679,8.2
293,18,Initial D Fourth Stage,TV,24,2004,72171,8.2
294,35062,Mahoutsukai no Yome,TV,24,2017,386535,8.2
296,4477,Nodame Cantabile: Paris-hen,TV,11,2008,89884,8.2
298,4722,Skip Beat!,TV,25,2008,173298,8.2
300,3701,Kaiba,TV,12,2008,83885,8.2
301,16067,Nagi no Asu kara,TV,26,2013,339490,8.2
302,23623,Non Non Biyori Repeat,TV,12,2015,101776,8.2
304,24277,Yowamushi Pedal: Grande Road,TV,24,2014,77651,8.2
305,24833,Ansatsu Kyoushitsu,TV,22,2015,657655,8.2
306,232,Cardcaptor Sakura,TV,70,1998,252752,8.2
309,37675,Overlord III,TV,13,2018,217392,8.2
310,721,Princess Tutu,TV,38,2002,99504,8.2
311,11123,Sekaiichi Hatsukoi 2,TV,12,2011,94802,8.2
312,1559,Shijou Saikyou no Deshi Kenichi,TV,50,2006,180993,8.2
313,440,Shoujo Kakumei Utena,TV,39,1997,113871,8.2
314,2025,Darker than Black: Kuro no Keiyakusha,TV,25,2007,595968,8.2
316,239,Gankutsuou,TV,24,2004,140867,8.2
317,16706,Kami nomi zo Shiru Sekai: Megami-hen,TV,12,2013,204203,8.2
318,8129,Kuragehime,TV,11,2010,142467,8.2
319,14513,Magi: The Labyrinth of Magic,TV,25,2012,511836,8.2
320,2581,Mobile Suit Gundam 00,TV,25,2007,151569,8.2
321,11597,Nisemonogatari,TV,11,2012,394224,8.2
322,1827,Seirei no Moribito,TV,26,2007,140229,8.2
325,34076,Uchouten Kazoku 2,TV,12,2017,37428,8.2
326,2167,Clannad,TV,23,2007,789278,8.1
329,18689,Diamond no Ace,TV,75,2013,118186,8.1
331,7054,Kaichou wa Maid-sama!,TV,26,2010,570934,8.1
334,1735,Naruto: Shippuuden,TV,500,2007,874387,8.1
335,28025,Tsukimonogatari,TV,4,2014,201974,8.1
336,23283,Zankyou no Terror,TV,11,2014,558204,8.1
337,27833,Durarara!!x2 Ketsu,TV,12,2016,200760,8.1
340,8425,Gosick,TV,24,2011,328878,8.1
341,18679,Kill la Kill,TV,24,2013,837058,8.1
342,12031,Kingdom,TV,38,2012,83496,8.1
343,30831,Kono Subarashii Sekai ni Shukufuku wo!,TV,10,2016,672682,8.1
345,35857,Lupin III: Part 5,TV,24,2018,15414,8.1
347,35838,Shoujo Shuumatsu Ryokou,TV,12,2017,134608,8.1
349,25013,Akatsuki no Yona,TV,24,2014,373357,8.1
350,1974,Glass no Kamen (2005),TV,51,2005,23565,8.1
351,731,Interstella5555: The 5tory of The 5ecret 5tar 5ystem,TV,13,2017,411157,8.1
353,3927,Mobile Suit Gundam 00 Second Season,TV,25,2008,106801,8.1
358,135,Hikaru no Go,TV,75,2001,88724,8.1
359,186,Initial D Second Stage,TV,13,1999,81615,8.1
361,2034,Lovely★Complex,TV,24,2007,320805,8.1
362,1914,Saiunkoku Monogatari 2nd Season,TV,39,2007,28678,8.1
367,27663,Baby Steps 2nd Season,TV,25,2015,56207,8.1
370,16918,Gin no Saji,TV,11,2013,171310,8.1
372,12189,Hyouka,TV,22,2012,582249,8.1
373,15059,Initial D Fifth Stage,TV,14,2012,52712,8.1
374,1486,Kodomo no Omocha (TV),TV,102,1996,36765,8.1
376,31174,Osomatsu-san,TV,25,2015,104919,8.1
378,32995,Yuri!!! on Ice,TV,12,2016,313790,8.1
380,1482,D.Gray-man,TV,103,2006,448058,8.1
381,2164,Dennou Coil,TV,26,2007,100899,8.1
382,223,Dragon Ball,TV,153,1986,483683,8.1
383,72,Full Metal Panic? Fumoffu,TV,12,2003,214378,8.1
386,7791,K-On!!,TV,26,2010,346574,8.1
388,237,Koukyoushihen Eureka Seven,TV,50,2005,323014,8.1
389,20507,Noragami,TV,12,2014,940334,8.1
392,6211,Tokyo Magnitude 8.0,TV,11,2009,172681,8.1
398,23289,Gekkan Shoujo Nozaki-kun,TV,12,2014,455019,8.1
400,14713,Kamisama Hajimemashita,TV,13,2012,288576,8.1
401,302,Mirai Shounen Conan,TV,26,1978,24441,8.1
402,30015,ReLIFE,TV,13,2016,444204,8.1
403,36474,Sword Art Online: Alicization,TV,13,2015,136706,8.1
405,32615,Youjo Senki,TV,12,2017,301032,8.1
406,31173,Akagami no Shirayuki-hime 2nd Season,TV,12,2016,153489,8.1
407,889,Black Lagoon,TV,12,2006,484355,8.1
410,589,Ginga Nagareboshi Gin,TV,21,1986,15305,8.1
412,16,Hachimitsu to Clover,TV,24,2005,170726,8.1
414,4814,Junjou Romantica 2,TV,12,2008,113506,8.1
415,153,Juuni Kokuki,TV,45,2002,88108,8.1
416,6045,Kimi ni Todoke,TV,25,2009,448492,8.1
419,7720,Ookiku Furikabutte: Natsu no Taikai-hen,TV,13,2010,28753,8.1
423,4789,ef: A Tale of Melodies.,TV,12,2008,126866,8.1
424,2004,Hanada Shounen-shi,TV,25,2002,8807,8.1
425,21877,High Score Girl,TV,12,2018,43733,8.1
426,9656,Kimi ni Todoke 2nd Season,TV,12,2011,239646,8.1
429,31741,Magi: Sinbad no Bouken (TV),TV,13,2016,182076,8.1
432,535,Slayers Next,TV,26,1996,49372,8.1
433,16049,Toaru Kagaku no Railgun S,TV,24,2013,196129,8.1
434,1065,Touch,TV,101,1985,18740,8.1
435,1471,City Hunter 2,TV,63,1988,12172,8.1
436,23199,Durarara!!x2 Shou,TV,12,2015,282014,8.1
440,2076,Kindaichi Shounen no Jikenbo,TV,148,1997,14041,8.1
441,33489,Little Witch Academia (TV),TV,25,2017,274962,8.1
443,846,School Rumble Ni Gakki,TV,26,2006,113099,8.1
445,14813,Yahari Ore no Seishun Love Comedy wa Machigatteiru.,TV,13,2013,575233,8.1
446,18179,Yowamushi Pedal,TV,38,2013,133932,8.1
447,14075,Zetsuen no Tempest,TV,24,2012,368766,8.1
449,22043,Fairy Tail (2014),TV,102,2014,447233,8.0
451,37989,Golden Kamuy 2nd Season,TV,12,2018,35683,8.0
453,1530,Kanon (2006),TV,24,2006,197410,8.0
456,10049,Nurarihyon no Mago: Sennen Makyou,TV,24,2011,104507,8.0
458,5682,Phantom: Requiem for the Phantom,TV,26,2009,214415,8.0
465,27831,Durarara!!x2 Ten,TV,12,2015,214348,8.0
467,934,Higurashi no Naku Koro ni,TV,26,2006,479592,8.0
469,17265,Log Horizon,TV,25,2013,603137,8.0
470,36563,Megalo Box,TV,13,2018,178640,8.0
473,29803,Overlord,TV,13,2015,574494,8.0
479,21855,Hanamonogatari,TV,5,2014,211890,8.0
480,25649,Junjou Romantica 3,TV,12,2015,63022,8.0
481,861,xxxHOLiC,TV,24,2006,195398,8.0
483,3907,Ginga Sengoku Gunyuuden Rai,TV,52,1994,8113,8.0
484,33899,IDOLiSH7,TV,17,2018,17258,8.0
486,11739,Kimi to Boku. 2,TV,13,2012,57717,8.0
487,28297,Ore Monogatari!!,TV,24,2015,322030,8.0
489,35968,Wotaku ni Koi wa Muzukashii,TV,11,2018,211274,8.0
491,122,Full Moon wo Sagashite,TV,52,2002,74346,8.0
493,9996,Hyouge Mono,TV,39,2011,16164,8.0
494,10080,Kami nomi zo Shiru Sekai II,TV,12,2011,257093,8.0
496,34451,Kekkai Sensen &amp;amp; Beyond,TV,12,2017,177314,8.0
497,5678,Kobato.,TV,24,2009,112836,8.0
498,77,Mahou Shoujo Lyrical Nanoha A's,TV,13,2005,49680,8.0
500,2159,Ookiku Furikabutte,TV,25,2007,64078,8.0
504,2924,ef: A Tale of Memories.,TV,12,2007,188660,8.0
505,15,Eyeshield 21,TV,145,2005,113702,8.0
506,6702,Fairy Tail,TV,175,2009,885854,8.0
509,2762,Igano Kabamaru,TV,24,1983,6896,8.0
511,15689,Nekomonogatari: Kuro,TV,4,2012,280689,8.0
513,9926,Sekaiichi Hatsukoi,TV,12,2011,129101,8.0
517,9941,Tiger &amp;amp; Bunny,TV,25,2011,147693,8.0
520,31098,Ushio to Tora (TV) 2nd Season,TV,13,2016,73613,8.0
522,66,Azumanga Daioh,TV,26,2002,213785,8.0
524,31339,Drifters,TV,12,2016,269521,8.0
526,427,Kaleido Star,TV,51,2003,54917,8.0
528,6774,Kuuchuu Buranko,TV,11,2009,57872,8.0
529,957,Saiunkoku Monogatari,TV,39,2006,64803,8.0
530,2150,Tanoshii Muumin Ikka,TV,78,1990,11028,8.0
531,6586,Yume-iro Pâtissière,TV,50,2009,48042,8.0
532,9513,Beelzebub,TV,60,2011,327707,8.0
533,73,Full Metal Panic! The Second Raid,TV,13,2005,194646,8.0
534,29095,Grisaia no Rakuen,TV,10,2015,202375,8.0
535,387,Haibane Renmei,TV,13,2002,162333,8.0
536,27989,Hibike! Euphonium,TV,13,2015,223520,8.0
538,2829,Ie Naki Ko Remy,TV,23,1996,10448,8.0
539,1594,Jigoku Shoujo Futakomori,TV,26,2006,106017,8.0
541,1088,Macross,TV,36,1982,62956,8.0
542,10721,Mawaru Penguindrum,TV,24,2011,201891,8.0
543,31251,Mobile Suit Gundam: Iron-Blooded Orphans,TV,25,2015,110580,8.0
545,3588,Soul Eater,TV,51,2008,849334,8.0
546,2618,Takarajima,TV,26,1978,9339,8.0
547,32093,Tanaka-kun wa Itsumo Kedaruge,TV,12,2016,187226,8.0
550,30279,Yuru Yuri San☆Hai!,TV,12,2015,72595,8.0
554,27775,Plastic Memories,TV,13,2015,387596,8.0
555,24,School Rumble,TV,26,2004,225155,8.0
557,6582,Tentai Senshi Sunred 2nd Season,TV,26,2009,5795,8.0
559,28,Yakitate!! Japan,TV,69,2004,65404,8.0
563,9289,Hanasaku Iroha,TV,26,2011,207767,8.0
565,13331,Jormungand: Perfect Order,TV,12,2012,114947,8.0
568,17549,Non Non Biyori,TV,12,2013,209230,8.0
569,339,Serial Experiments Lain,TV,13,1998,318498,8.0
570,12815,Shirokuma Cafe,TV,50,2012,59987,8.0
571,22,Tennis no Ouji-sama,TV,178,2001,112794,8.0
572,2158,Terra e... (TV),TV,24,2007,45377,8.0
573,996,Bishoujo Senshi Sailor Moon: Sailor Stars,TV,34,1996,66194,7.9
574,1470,City Hunter,TV,51,1987,31593,7.9
579,85,Mobile Suit Zeta Gundam,TV,50,1985,40330,7.9
580,114,Sakigake!! Cromartie Koukou,TV,26,2003,90270,7.9
581,22319,Tokyo Ghoul,TV,12,2014,1123638,7.9
582,658,Touhai Densetsu Akagi: Yami ni Maiorita Tensai,TV,26,2005,64779,7.9
583,37786,Yagate Kimi ni Naru,TV,13,2018,66668,7.9
585,790,Ergo Proxy,TV,23,2006,365542,7.9
590,3228,Zoku Sayonara Zetsubou Sensei,TV,13,2008,91122,7.9
593,2035,Eikoku Koi Monogatari Emma: Molders-hen,TV,12,2007,15967,7.9
595,4898,Kuroshitsuji,TV,24,2008,601819,7.9
596,3572,Macross F,TV,25,2008,113129,7.9
598,35073,Overlord II,TV,13,2018,316683,7.9
600,2605,Sayonara Zetsubou Sensei,TV,12,2007,225155,7.9
603,849,Suzumiya Haruhi no Yuuutsu,TV,14,2006,576599,7.9
604,1485,Akachan to Boku,TV,35,1996,12094,7.9
610,15809,Hataraku Maou-sama!,TV,13,2013,690113,7.9
612,3092,Junjou Romantica,TV,12,2008,153801,7.9
613,19111,Love Live! School Idol Project 2nd Season,TV,13,2014,150865,7.9
618,6377,Zan Sayonara Zetsubou Sensei,TV,13,2009,70039,7.9
623,7062,Hidamari Sketch x ☆☆☆,TV,12,2010,19289,7.9
624,11239,Hidamari Sketch x Honeycomb,TV,12,2012,15811,7.9
625,27947,Lupin III (2015),TV,24,2015,32542,7.9
626,25517,Magic Kaito 1412,TV,24,2014,66374,7.9
629,1254,Saint Seiya,TV,114,1986,103808,7.9
630,400,Seihou Bukyou Outlaw Star,TV,24,1998,100916,7.9
631,17949,The Everlasting Guilty Crown,TV,13,2011,167215,7.9
635,967,Hokuto no Ken,TV,109,1984,67724,7.9
637,1695,Les Misérables: Shoujo Cosette,TV,52,2007,14220,7.9
639,34745,Mahoujin Guruguru (2017),TV,24,2017,21540,7.9
640,17909,Uchouten Kazoku,TV,13,2013,109235,7.9
642,21185,Baby Steps,TV,25,2014,90373,7.9
645,29787,Gochuumon wa Usagi Desu ka??,TV,12,2015,68240,7.9
646,267,Gungrave,TV,26,2003,125114,7.9
647,5630,Higashi no Eden,TV,11,2009,365739,7.9
649,11887,Kokoro Connect,TV,13,2012,434389,7.9
650,569,Musekinin Kanchou Tylor,TV,26,1993,28485,7.9
653,12445,Tasogare Otome x Amnesia,TV,12,2012,241470,7.9
655,35507,Youkoso Jitsuryoku Shijou Shugi no Kyoushitsu e,TV,12,2017,258929,7.9
657,33354,Cardcaptor Sakura: Clear Card-hen,TV,22,2018,66518,7.9
658,1472,City Hunter 3,TV,13,1989,9757,7.9
663,12413,Jormungand,TV,12,2012,198392,7.9
664,253,Jungle wa Itsumo Hare nochi Guu,TV,26,2001,25886,7.9
665,4080,Kyou kara Maou! 3rd Series,TV,39,2008,23649,7.9
670,890,Yuusha-Ou GaoGaiGar,TV,49,1997,13179,7.9
671,30123,Akagami no Shirayuki-hime,TV,12,2015,282938,7.9
672,532,Bishoujo Senshi Sailor Moon S,TV,38,1994,85028,7.9
673,28999,Charlotte,TV,13,2015,599120,7.9
675,35222,Gakuen Babysitters,TV,12,2018,68454,7.9
677,35075,Hoozuki no Reitetsu 2nd Season,TV,13,2017,24176,7.9
678,249,InuYasha,TV,167,2000,398779,7.9
680,397,Seikai no Senki II,TV,10,2001,16870,7.9
681,5005,Tentai Senshi Sunred,TV,26,2008,16228,7.9
682,12403,Yuru Yuri♪♪,TV,12,2012,117010,7.9
684,8516,Baka to Test to Shoukanjuu Ni!,TV,13,2011,249087,7.9
686,388,Capeta,TV,52,2005,14094,7.9
688,22777,Dragon Ball Kai (2014),TV,61,2014,79229,7.9
690,1571,Ghost Hunt,TV,25,2006,159807,7.9
691,19319,Gundam Build Fighters,TV,25,2013,45291,7.9
694,35860,Karakai Jouzu no Takagi-san,TV,12,2018,163741,7.9
698,3750,Maria-sama ga Miteru 4th,TV,13,2009,14603,7.9
702,1172,Slayers Try,TV,26,1997,39753,7.9
706,269,Bleach,TV,366,2004,878666,7.8
707,32370,D.Gray-man Hallow,TV,13,2016,117583,7.8
708,6033,Dragon Ball Kai,TV,97,2009,174992,7.8
709,31637,"Gate: Jieitai Kanochi nite, Kaku Tatakaeri 2nd Season",TV,12,2016,277592,7.8
710,1491,Ginga Tetsudou 999,TV,113,1978,18429,7.8
714,97,Last Exile,TV,26,2003,128244,7.8
716,20,Naruto,TV,220,2002,1073428,7.9
717,34914,New Game!!,TV,12,2017,129187,7.8
720,322,Paradise Kiss,TV,12,2005,111775,7.8
721,30240,Prison School,TV,12,2015,428180,7.8
723,7724,Shiki,TV,22,2010,350452,7.8
727,202,Wolf's Rain,TV,26,2003,220223,7.8
728,32998,91 Days,TV,12,2016,284393,7.8
732,17895,Golden Time,TV,24,2013,435225,7.8
735,1425,Lupin III: Part II,TV,155,1977,16474,7.8
737,4087,Michiko to Hatchin,TV,22,2008,110149,7.8
742,5485,Shin Mazinger Shougeki! Z-hen,TV,26,2009,10361,7.8
744,20057,Space☆Dandy,TV,13,2014,186309,7.8
749,33253,Ajin 2nd Season,TV,13,2016,150191,7.8
752,14741,Chuunibyou demo Koi ga Shitai!,TV,12,2012,613328,7.8
753,1473,City Hunter '91,TV,13,1991,9315,7.8
755,552,Digimon Adventure,TV,54,1999,247274,7.8
757,28907,"Gate: Jieitai Kanochi nite, Kaku Tatakaeri",TV,12,2015,411730,7.8
759,37141,Hataraku Saibou,TV,13,2018,178669,7.8
764,19703,Kyousou Giga (TV),TV,10,2013,105604,7.8
767,93,Mobile Suit Gundam SEED,TV,50,2002,118376,7.8
768,31764,Nejimaki Seirei Senki: Tenkyou no Alderamin,TV,13,2016,173159,7.8
772,2104,Seto no Hanayome,TV,26,2007,215269,7.8
773,1375,Watashi no Ashinaga Ojisan,TV,40,1990,8219,7.8
775,1818,Claymore,TV,26,2007,428796,7.8
777,5835,Hanasakeru Seishounen,TV,39,2009,46731,7.8
778,7645,Heartcatch Precure!,TV,49,2010,17719,7.8
779,3604,Hidamari Sketch x 365,TV,13,2008,22935,7.8
780,10357,Jinrui wa Suitai Shimashita,TV,12,2012,126371,7.8
781,5680,K-On!,TV,13,2009,536704,7.8
782,8525,Kami nomi zo Shiru Sekai,TV,12,2010,388519,7.8
783,516,Keroro Gunsou,TV,358,2004,43443,7.8
785,18153,Kyoukai no Kanata,TV,12,2013,564134,7.8
791,24893,Sidonia no Kishi: Daikyuu Wakusei Seneki,TV,12,2015,83286,7.8
792,34902,Tsurezure Children,TV,12,2017,271907,7.8
794,18245,White Album 2,TV,13,2013,141085,7.8
796,6024,Chi's Sweet Home: Atarashii Ouchi,TV,104,2009,20348,7.8
797,22265,Free!: Eternal Summer,TV,13,2014,214979,7.8
799,20431,Hoozuki no Reitetsu,TV,13,2014,79576,7.8
800,34542,Inuyashiki,TV,11,2017,235691,7.8
803,10620,Mirai Nikki,TV,26,2011,1046400,7.8
804,80,Mobile Suit Gundam,TV,43,1979,71846,7.8
807,795,Oniisama e...,TV,39,1991,18491,7.8
809,8311,Tegamibachi Reverse,TV,25,2010,44775,7.8
810,1562,Yamato Nadeshiko Shichihenge♥,TV,25,2006,110491,7.8
817,106,Hana yori Dango,TV,51,1996,36987,7.8
818,4192,Hayate no Gotoku!!,TV,25,2009,82631,7.8
823,210,Ranma ½,TV,161,1989,144311,7.8
824,582,Sexy Commando Gaiden: Sugoiyo!! Masaru-san,TV,48,1998,8338,7.8
825,33502,Shuumatsu Nani Shitemasu ka? Isogashii Desu ka? Sukutte Moratte Ii Desu ka?,TV,12,2017,173841,7.8
827,407,Tantei Gakuen Q,TV,45,2003,21831,7.8
829,479,Ueki no Housoku,TV,51,2005,78488,7.8
836,2828,Ie Naki Ko,TV,51,1977,6990,7.8
838,37965,Kaze ga Tsuyoku Fuiteiru,TV,23,2018,49567,7.8
840,251,Kyou kara Maou!,TV,78,2004,72518,7.8
842,90,Mobile Suit Gundam Wing,TV,49,1995,107753,7.8
844,5530,Pandora Hearts,TV,25,2009,295723,7.8
846,154,Shaman King,TV,64,2001,228603,7.8
848,534,Slayers,TV,26,1995,94715,7.8
849,28677,Yamada-kun to 7-nin no Majo,TV,12,2015,354811,7.8
850,31783,Yowamushi Pedal: New Generation,TV,25,2017,40941,7.8
851,7193,Aoi Bungaku Series,TV,12,2009,126123,7.8
852,31733,Bishoujo Senshi Sailor Moon Crystal Season III,TV,13,2016,28196,7.8
853,21405,Bokura wa Minna Kawai-sou,TV,12,2014,230536,7.8
854,28121,Dungeon ni Deai wo Motomeru no wa Machigatteiru Darou ka,TV,13,2015,628290,7.8
855,2508,Genshiken 2,TV,12,2007,64528,7.8
857,37029,Hoozuki no Reitetsu 2nd Season: Sono Ni,TV,13,2018,12929,7.8
859,1887,Lucky☆Star,TV,24,2007,402901,7.8
860,13203,Lupin the Third: Mine Fujiko to Iu Onna,TV,13,2012,35201,7.8
861,36038,Net-juu no Susume,TV,10,2017,220239,7.8
863,2582,Soukou Kihei Votoms,TV,52,1983,13339,7.8
864,6213,Toaru Kagaku no Railgun,TV,24,2009,317129,7.8
865,21995,Ao Haru Ride,TV,12,2014,365954,7.8
866,9919,Ao no Exorcist,TV,25,2011,934123,7.8
867,9074,Arakawa Under the Bridge x Bridge,TV,13,2010,107796,7.8
868,13535,Binbougami ga!,TV,13,2012,159037,7.8
870,31478,Bungou Stray Dogs,TV,12,2016,391225,7.8
875,31859,Hai to Gensou no Grimgar,TV,12,2016,377117,7.8
879,20847,Seitokai Yakuindomo*,TV,13,2014,147481,7.8
880,2451,Space Cobra,TV,31,1982,10851,7.8
881,1000,Uchuu Kaizoku Captain Herlock,TV,42,1978,21598,7.8
883,28249,Arslan Senki (TV),TV,25,2015,229194,7.8
884,37873,BanG Dream! Garupa☆Pico,TV,26,2018,5335,7.8
894,18897,Nisekoi,TV,20,2014,557848,7.8
897,396,Seikai no Senki,TV,13,2000,23113,7.8
898,5074,Tetsuwan Birdy Decode:02,TV,12,2009,36948,7.8
906,8426,Hourou Musuko,TV,11,2011,77571,7.7
907,10460,Kimi to Boku.,TV,13,2011,114776,7.7
914,22101,Soredemo Sekai wa Utsukushii,TV,12,2014,161064,7.7
915,37370,The Perfect World,TV,12,2016,68444,7.7
917,22199,Akame ga Kill!,TV,24,2014,856440,7.7
919,3841,Chi's Sweet Home,TV,104,2008,45227,7.7
920,951,Chibi Maruko-chan,TV,142,1990,6747,7.7
921,28669,Go! Princess Precure,TV,50,2015,8314,7.7
925,31227,Kindaichi Shounen no Jikenbo Returns 2nd Season,TV,22,2015,5996,7.7
927,3545,Kochira Katsushikaku Kameari Kouenmae Hashutsujo,TV,373,1996,7465,7.7
931,444,Maria-sama ga Miteru: Haru,TV,13,2004,18343,7.7
932,9510,Mitsudomoe Zouryouchuu!,TV,8,2011,32962,7.7
934,28927,Owari no Seraph: Nagoya Kessen-hen,TV,12,2015,339470,7.7
936,31592,Pokemon XY&amp;amp;Z,TV,47,2015,36903,7.7
937,1699,Romeo x Juliet,TV,24,2007,122749,7.7
938,19775,Sidonia no Kishi,TV,12,2014,162879,7.7
939,26,Texhnolyze,TV,22,2003,137035,7.7
940,12883,Tsuritama,TV,12,2012,115024,7.7
941,6956,Working!!,TV,13,2010,269813,7.7
942,37976,Zombieland Saga,TV,12,2018,139388,7.7
943,14941,AKB0048: Next Stage,TV,13,2013,27377,7.7
946,233,Daa! Daa! Daa!,TV,78,2000,16003,7.7
948,120,Fruits Basket,TV,26,2001,307789,7.7
953,8795,Panty &amp;amp; Stocking with Garterbelt,TV,13,2010,221814,7.7
954,290,Seikai no Monshou,TV,13,1999,34155,7.7
956,8937,Toaru Majutsu no Index II,TV,24,2010,260837,7.7
957,32717,Aikatsu Stars!,TV,100,2016,9862,7.7
964,74,Gakuen Alice,TV,26,2004,65725,7.7
965,18055,Hakkenden: Touhou Hakken Ibun 2nd Season,TV,13,2013,43475,7.7
966,2405,Hello! Lady Lynn,TV,36,1988,2384,7.7
968,27991,K: Return of Kings,TV,13,2015,183331,7.7
969,32491,Kanojo to Kanojo no Neko: Everything Flows,TV,4,2016,66534,7.7
971,2963,Minami-ke,TV,13,2007,129477,7.7
972,15315,Mondaiji-tachi ga Isekai kara Kuru Sou Desu yo?,TV,10,2013,336733,7.7
973,2547,Princess Sara,TV,46,1985,11045,7.7
974,18119,Servant x Service,TV,13,2013,126662,7.7
977,182,Tenkuu no Escaflowne,TV,26,1996,105353,7.7
978,1293,Urusei Yatsura,TV,195,1981,38753,7.7
979,477,Aria The Animation,TV,13,2005,101780,7.7
980,740,Bishoujo Senshi Sailor Moon R,TV,43,1993,92525,7.7
981,150,Blood+,TV,50,2005,263606,7.7
982,60,Chrno Crusade,TV,24,2003,171941,7.7
983,33988,Demi-chan wa Kataritai,TV,12,2017,206361,7.7
986,32979,Flip Flappers,TV,13,2016,116247,7.7
989,123,Fushigi Yuugi,TV,52,1995,77265,7.7
991,36028,Golden Kamuy,TV,12,2018,92740,7.7
992,15451,High School DxD New,TV,12,2013,438847,7.7
994,34973,Love Live! Sunshine!! 2nd Season,TV,13,2017,52783,7.7
996,14511,Minami-ke Tadaima,TV,13,2013,40411,7.7
997,12021,Poyopoyo Kansatsu Nikki,TV,52,2012,16389,7.7
999,21843,Shingeki no Bahamut: Genesis,TV,12,2014,251717,7.7
1000,9441,Yume-iro Pâtissière SP Professional,TV,13,2010,26000,7.7
1001,6347,Baka to Test to Shoukanjuu,TV,13,2010,411955,7.7
1002,530,Bishoujo Senshi Sailor Moon,TV,46,1992,194566,7.7
1003,966,Crayon Shin-chan,TV,2,1981,11513,7.7
1005,8086,Densetsu no Yuusha no Densetsu,TV,24,2010,189909,7.7
1006,71,Full Metal Panic!,TV,24,2002,338103,7.7
1009,160,"Ima, Soko ni Iru Boku",TV,13,1999,81194,7.7
1011,228,Jigoku Shoujo,TV,26,2005,231064,7.7
1016,7592,Nurarihyon no Mago,TV,24,2010,172085,7.7
1026,11111,Another,TV,12,2012,832771,7.7
1029,1690,Bokurano,TV,24,2007,107892,7.7
1031,33028,Danganronpa 3: The End of Kibougamine Gakuen - Zetsubou-hen,TV,11,2016,136468,7.7
1032,2229,Dragon Quest: Dai no Daibouken (TV),TV,46,1991,12729,7.7
1033,226,Elfen Lied,TV,13,2004,891332,7.7
1035,1281,Gakkou no Kaidan,TV,19,2000,71048,7.7
1037,3713,Jigoku Shoujo Mitsuganae,TV,26,2008,75717,7.7
1040,24439,Kekkai Sensen,TV,12,2015,411731,7.7
1041,1412,Lupin III,TV,23,1971,51718,7.7
1042,331,Mahoujin Guruguru,TV,45,1994,7085,7.7
1043,20785,Mahouka Koukou no Rettousei,TV,26,2014,480047,7.7
1044,709,Mujin Wakusei Survive,TV,52,2003,16785,7.7
1045,31953,New Game!,TV,12,2016,224541,7.7
1046,30296,Rakudai Kishi no Cavalry,TV,12,2015,380640,7.7
1048,65,Rozen Maiden: Träumend,TV,12,2005,83791,7.7
1053,95,Turn A Gundam,TV,50,1999,27243,7.7
1054,856,Utawarerumono,TV,26,2006,117618,7.7
1055,33337,ACCA: 13-ku Kansatsu-ka,TV,12,2017,86259,7.7
1057,283,Akage no Anne,TV,50,1979,15004,7.7
1060,2471,Doraemon (1979),TV,1787,1979,21976,7.7
1061,30694,Dragon Ball Super,TV,131,2015,290564,7.7
1063,9065,Hakuouki Hekketsuroku,TV,10,2010,62493,7.7
1065,488,Ichigo Mashimaro,TV,12,2005,58687,7.7
1067,324,Kidou Keisatsu Patlabor: On Television,TV,47,1989,22170,7.7
1071,323,Mousou Dairinin,TV,13,2004,199438,7.7
1073,24135,Nobunaga Concerto,TV,10,2014,36668,7.7
1075,9930,Snow Halation,TV,12,2010,198444,7.7
1079,240,Genshiken,TV,12,2004,127684,7.7
1081,10793,Guilty Crown,TV,22,2011,686860,7.7
1086,10161,No.6,TV,11,2011,235845,7.7
1087,32729,Orange,TV,13,2016,317839,7.7
1089,17249,Pretty Rhythm: Rainbow Live,TV,51,2013,7097,7.7
1090,35240,Princess Principal,TV,12,2017,107367,7.7
1091,2787,Shakugan no Shana II (Second),TV,24,2007,229902,7.7
1094,1279,Taiyou no Ko Esteban,TV,39,1982,7446,7.7
1096,6444,Tegamibachi,TV,25,2009,87977,7.7
1097,16011,Tokyo Ravens,TV,24,2013,266359,7.7
1098,2557,Trapp Ikka Monogatari,TV,40,1991,4252,7.7
1099,2213,Black Jack (TV),TV,61,2004,21223,7.7
1100,110,Chuuka Ichiban!,TV,52,1997,11191,7.7
1104,36704,Free!: Dive to the Future,TV,12,2018,49602,7.7
1105,4725,Ga-Rei: Zero,TV,12,2008,178745,7.7
1109,33089,Kemono Friends,TV,12,2017,51557,7.7
1110,1915,Mahou Shoujo Lyrical Nanoha StrikerS,TV,26,2007,41828,7.7
1111,2985,Majin Tantei Nougami Neuro,TV,25,2007,51946,7.7
1115,5507,Senjou no Valkyria,TV,26,2009,99357,7.7
1116,30549,Soukyuu no Fafner: Dead Aggressor - Exodus 2nd Season,TV,13,2015,9823,7.7
1119,10278,The iDOLM@STER,TV,25,2011,108511,7.7
1120,2558,Wakakusa Monogatari: Nan to Jo-sensei,TV,40,1993,3732,7.7
1121,32977,Aggressive Retsuko,TV,100,2016,26971,7.6
1123,20031,D-Frag!,TV,12,2014,237239,7.6
1126,132,GetBackers,TV,49,2002,89700,7.6
1130,10790,Kore wa Zombie Desu ka? of the Dead,TV,10,2012,252437,7.6
1132,584,Noein: Mou Hitori no Kimi e,TV,24,2005,68013,7.6
1138,35503,Shoujo☆Kageki Revue Starlight,TV,12,2018,30424,7.6
1139,14227,Tonari no Kaibutsu-kun,TV,13,2012,519751,7.6
1143,34445,Yuuki Yuuna wa Yuusha de Aru: Yuusha no Shou,TV,6,2017,22243,7.6
1144,11319,Zero no Tsukaima F,TV,12,2012,251625,7.6
1145,2214,Black Jack 21,TV,17,2006,8328,7.6
1148,32948,Fune wo Amu,TV,11,2016,61209,7.6
1149,24765,Gakkougurashi!,TV,12,2015,235313,7.6
1151,2026,Hayate no Gotoku!,TV,52,2007,160746,7.6
1155,3731,Itazura na Kiss,TV,25,2008,180138,7.6
1158,1606,Kekkaishi,TV,52,2006,77300,7.6
1159,1483,Master Keaton,TV,24,1998,13776,7.6
1160,36494,Mekakucity Records,TV,13,2010,73434,7.6
1163,2112,Over Drive,TV,26,2007,34069,7.6
1165,33417,Super Lovers 2,TV,10,2017,38309,7.6
1166,13663,To LOVE-Ru Darkness,TV,12,2012,204971,7.6
1167,28979,To LOVE-Ru Darkness 2nd,TV,12,2015,130284,7.6
1168,10033,Toriko,TV,147,2011,76318,7.6
1169,969,Tsubasa Chronicle 2nd Season,TV,26,2006,92152,7.6
1171,32681,Uchuu Patrol Luluco,TV,13,2016,96611,7.6
1172,1650,Uchuu Senkan Yamato,TV,26,1974,16179,7.6
1176,1946,Ashita no Nadja,TV,50,2003,18756,7.6
1178,31931,Full Metal Panic! Invisible Victory,TV,12,2018,52168,7.6
1180,129,Gensoumaden Saiyuuki,TV,50,2000,39757,7.6
1181,17729,Grisaia no Kajitsu,TV,13,2014,301799,7.6
1182,17,Hungry Heart: Wild Striker,TV,52,2002,17025,7.6
1183,5231,Inazuma Eleven,TV,127,2008,78613,7.6
1185,35241,Konohana Kitan,TV,12,2017,70911,7.6
1188,23321,Log Horizon 2nd Season,TV,25,2014,337614,7.6
1190,36565,Major 2nd,TV,25,2018,13305,7.6
1191,35067,Osomatsu-san 2nd Season,TV,25,2017,31160,7.6
1192,32542,Sakamoto Desu ga?,TV,12,2016,329215,7.6
1193,8675,Seitokai Yakuindomo,TV,13,2010,301236,7.6
1194,32836,Senki Zesshou Symphogear AXZ,TV,13,2017,16255,7.6
1195,1557,Shounen Onmyouji,TV,26,2006,41107,7.6
1196,18139,Tonari no Seki-kun,TV,21,2014,132668,7.6
1197,10495,Yuru Yuri,TV,12,2011,215085,7.6
1198,34284,Yuuki Yuuna wa Yuusha de Aru: Washio Sumi no Shou,TV,6,2017,24129,7.6
1200,33506,Ao no Exorcist: Kyoto Fujouou-hen,TV,12,2017,301568,7.6
1201,7647,Arakawa Under the Bridge,TV,13,2010,224310,7.6
1202,874,Digimon Tamers,TV,51,2001,125315,7.6
1204,31706,Fate/kaleid liner Prisma☆Illya 3rei!!,TV,12,2016,63109,7.6
1205,36220,Itsudatte Bokura no Koi wa 10 cm Datta.,TV,6,2017,71211,7.6
1206,14467,K,TV,13,2012,429242,7.6
1208,2227,Lady Lady!!,TV,21,1987,3656,7.6
1212,34561,Re:Creators,TV,22,2017,243137,7.6
1213,6634,Sengoku Basara Two,TV,12,2010,52229,7.6
1214,6773,Shakugan no Shana III (Final),TV,24,2011,170692,7.6
1216,14289,Sukitte Ii na yo.,TV,13,2012,336167,7.6
1218,29854,Ushio to Tora (TV),TV,26,2015,134011,7.6
1219,24405,World Trigger,TV,73,2014,163909,7.6
1220,880,Aa! Megami-sama!: Sorezore no Tsubasa,TV,22,2006,50092,7.6
1221,31580,Ajin,TV,13,2016,304606,7.6
1223,1239,Bishoujo Senshi Sailor Moon SuperS,TV,39,1995,69046,7.6
1228,7661,Giant Killing,TV,26,2010,47560,7.6
1229,31433,Ginga Eiyuu Densetsu: Die Neue These - Kaikou,TV,12,2018,45806,7.6
1230,23251,Gugure! Kokkuri-san,TV,12,2014,121958,7.6
1232,24703,High School DxD BorN,TV,12,2015,354773,7.6
1234,914,Ike! Ina-chuu Takkyuubu,TV,26,1995,10709,7.6
1236,37497,Irozuku Sekai no Ashita kara,TV,13,2018,108332,7.6
1239,1087,Kimagure Orange☆Road,TV,48,1987,23999,7.6
1241,12487,Kyoukaisenjou no Horizon II,TV,13,2012,60642,7.6
1242,22693,Lady Jewelpet,TV,52,2014,5194,7.6
1244,36513,Rokuhoudou Yotsuiro Biyori,TV,12,2018,15341,7.6
1249,1840,Zero no Tsukaima: Futatsuki no Kishi,TV,12,2007,324683,7.6
1250,67,Basilisk: Kouga Ninpou Chou,TV,24,2005,131718,7.6
1253,14131,Girls &amp;amp; Panzer,TV,12,2012,160268,7.6
1255,21327,Isshuukan Friends.,TV,12,2014,197493,7.6
1256,2012,Jigoku Sensei Nube,TV,49,1996,11875,7.6
1257,1567,Kaitou Saint Tail,TV,43,1995,11738,7.6
1259,145,Kareshi Kanojo no Jijou,TV,26,1998,130419,7.6
1261,3001,Moyashimon,TV,11,2007,54336,7.6
1262,340,Mutsu Enmei Ryuu Gaiden: Shura no Toki,TV,26,2004,17451,7.6
1264,23277,Saenai Heroine no Sodatekata,TV,12,2015,290055,7.6
1265,355,Shakugan no Shana,TV,24,2005,381946,7.6
1266,11371,Shin Tennis no Ouji-sama,TV,13,2012,39089,7.6
1269,1985,UFO Robo Grendizer,TV,74,1975,6267,7.6
1270,16241,"Yondemasu yo, Azazel-san. Z",TV,13,2013,27080,7.6
1271,35789,Yowamushi Pedal: Glory Line,TV,25,2018,24486,7.6
1272,4416,Yuusha-Ou GaoGaiGar Final Grand Glorious Gathering,TV,12,2005,2334,7.6
1273,857,Air Gear,TV,25,2006,246850,7.6
1274,11433,Ano Natsu de Matteru,TV,12,2012,233325,7.6
1278,455,Fantastic Children,TV,26,2004,22559,7.6
1282,36094,Hakumei to Mikochi,TV,12,2018,32738,7.6
1285,37475,Kishuku Gakkou no Juliet,TV,12,2018,81223,7.6
1286,250,Konjiki no Gash Bell!!,TV,150,2003,73621,7.6
1287,5494,Konnichiwa Anne: Before Green Gables,TV,39,2009,3850,7.6
1290,5162,Minami-ke Okaeri,TV,13,2009,52916,7.6
1293,2549,Perrine Monogatari,TV,53,1978,2780,7.6
1294,2257,Taiyou no Kiba Dagram,TV,75,1981,2817,7.6
1296,177,Tsubasa Chronicle,TV,26,2005,165946,7.6
1298,16005,Zettai Karen Children: The Unlimited - Hyoubu Kyousuke,TV,12,2013,89785,7.6
1300,22147,Amagi Brilliant Park,TV,13,2014,342521,7.6
1303,32189,Danganronpa 3: The End of Kibougamine Gakuen - Mirai-hen,TV,12,2016,158647,7.6
1307,2002,Heroic Age,TV,26,2007,81338,7.6
1309,10568,Kamisama no Memochou,TV,12,2011,170218,7.6
1313,26243,Owari no Seraph,TV,12,2015,549293,7.6
1314,708,Patapata Hikousen no Bouken,TV,26,2002,4137,7.6
1315,23135,PriPara,TV,140,2014,12100,7.6
1319,2562,Shion no Ou,TV,22,2007,24510,7.6
1327,587,Hanbun no Tsuki ga Noboru Sora,TV,6,2006,77609,7.6
1332,11013,Inu x Boku SS,TV,12,2012,302329,7.6
1334,1579,Kiniro no Corda: Primo Passo,TV,25,2006,74634,7.6
1335,35079,Kino no Tabi: The Beautiful World - The Animated Series,TV,12,2017,99373,7.6
1336,34984,Koi wa Ameagari no You ni,TV,12,2018,118847,7.6
1337,334,Marmalade Boy,TV,76,1994,32023,7.6
1338,3673,Nijuu Mensou no Musume,TV,22,2008,26177,7.6
1339,10588,Persona 4 the Animation,TV,25,2011,176386,7.6
1340,209,R.O.D the TV,TV,26,2003,55029,7.6
1343,2268,Tatakae! Chou Robot Seimeitai Transformers,TV,98,1985,6782,7.6
1344,4654,Toaru Majutsu no Index,TV,24,2008,451575,7.6
1345,10216,"Yondemasu yo, Azazel-san. (TV)",TV,13,2011,54871,7.6
1348,12291,Acchi Kocchi (TV),TV,12,2012,189563,7.6
1350,31821,Arslan Senki (TV): Fuujin Ranbu,TV,8,2016,89059,7.6
1352,18671,Chuunibyou demo Koi ga Shitai! Ren,TV,12,2014,330157,7.6
1354,35849,Darling in the FranXX,TV,24,2018,415396,7.6
1355,31376,Flying Witch,TV,12,2016,158261,7.6
1356,1251,Fushigi no Umi no Nadia,TV,39,1990,37389,7.6
1362,36593,Hug tto! Precure,TV,50,2018,6432,7.6
1364,36522,Ling Qi 2,TV,12,2018,13723,7.6
1365,13655,Little Busters!,TV,26,2012,185370,7.6
1366,15051,Love Live! School Idol Project,TV,13,2013,254637,7.6
1367,96,Mobile Fighter G Gundam,TV,49,1994,45465,7.6
1369,11933,Oda Nobuna no Yabou,TV,12,2012,191225,7.6
1376,36470,Tada-kun wa Koi wo Shinai,TV,13,2018,111150,7.6
1384,21743,Donten ni Warau,TV,12,2014,79847,7.5
1385,21273,Gochuumon wa Usagi Desu ka?,TV,12,2014,134322,7.5
1387,13115,Hakuouki Reimeiroku,TV,12,2012,38989,7.5
1388,23269,Hello!! Kiniro Mosaic,TV,12,2015,49861,7.5
1389,270,Hellsing,TV,13,2001,420257,7.5
1390,11617,High School DxD,TV,12,2012,642100,7.5
1391,8217,Jewelpet Twinkle☆,TV,52,2010,5931,7.5
1392,22817,Kindaichi Shounen no Jikenbo Returns,TV,25,2014,11254,7.5
1393,21105,Love Stage!!,TV,10,2014,128643,7.5
1394,1563,Magic Knight Rayearth II,TV,29,1995,22905,7.5
1400,353,Ojamajo Doremi Dokkaan!,TV,51,2002,8800,7.5
1406,3369,Shoubushi Densetsu Tetsuya,TV,20,2000,5182,7.5
1407,6802,So Ra No Wo To,TV,12,2010,112928,7.5
1409,16524,Suisei no Gargantia,TV,13,2013,230197,7.5
1410,11757,Sword Art Online,TV,25,2012,1415367,7.5
1412,1003,Aa! Megami-sama! (TV) Specials,TV,3,2005,22044,7.5
1413,16273,Acchi Kocchi (TV): Place=Princess,TV,1,2012,38352,7.5
1415,4981,Casshern Sins,TV,24,2008,106845,7.5
1416,33731,Gabriel DropOut,TV,12,2017,205755,7.5
1419,4039,Golgo 13 (TV),TV,50,2008,26109,7.5
1423,6116,Mainichi Kaasan,TV,142,2009,2170,7.5
1425,34262,Oushitsu Kyoushi Heine,TV,12,2017,67594,7.5
1427,1608,Salaryman Kintarou,TV,20,2001,5688,7.5
1428,10378,Shinryaku!? Ika Musume,TV,12,2011,61052,7.5
1430,1372,Taiho Shichau zo (TV),TV,47,1996,16567,7.5
1434,1050,Bobobo-bo Bo-bobo,TV,76,2003,55466,7.5
1435,2800,Candy Candy,TV,115,1976,15938,7.5
1437,364,Gallery Fake,TV,37,2005,9101,7.5
1438,2409,Gokudou-kun Manyuuki,TV,26,1999,10252,7.5
1441,1356,Hokuto no Ken 2,TV,43,1987,16935,7.5
1442,36754,Kakuriyo no Yadomeshi,TV,26,2018,53223,7.5
1443,218,Kidou Senkan Nadesico,TV,26,1996,36218,7.5
1445,31798,Kiznaiver,TV,12,2016,355636,7.5
1446,32953,Koi ni Naritai Aquarium,TV,12,2011,412257,7.5
1450,32792,Mobile Suit Gundam Unicorn RE:0096,TV,22,2016,17350,7.5
1451,1873,Plawres Sanshirou,TV,37,1983,2325,7.5
1458,567,The Big O,TV,26,1999,60841,7.5
1459,691,Yawara!,TV,124,1989,10096,7.5
1460,481,Yu☆Gi☆Oh! Duel Monsters,TV,224,2000,199596,7.5
1461,22729,Aldnoah.Zero,TV,12,2014,344988,7.5
1462,32828,Amaama to Inazuma,TV,12,2016,164835,7.5
1463,37924,Ani ni Tsukeru Kusuri wa Nai! 2,TV,24,2018,9782,7.5
1464,34618,Blend S,TV,12,2017,226338,7.5
1466,14967,Boku wa Tomodachi ga Sukunai Next,TV,12,2013,312750,7.5
1467,14345,Btooom!,TV,12,2012,498863,7.5
1468,2768,CLAMP in Wonderland 2,TV,12,2018,70512,7.5
1470,6573,Darker than Black: Ryuusei no Gemini,TV,12,2009,287336,7.5
1471,18507,Free!,TV,12,2013,381539,7.5
1472,37349,Goblin Slayer,TV,12,2018,254146,7.5
1481,22539,"One More Time, One More Chance",TV,49,1982,3790,7.5
1484,166,Samurai 7,TV,26,2004,90805,7.5
1485,18523,Senyuu. 2,TV,13,2013,42436,7.5
1487,34547,Shoukoku no Altair,TV,24,2017,43743,7.5
1490,2203,Waga Seishun no Arcadia: Mugen Kidou SSX,TV,22,1982,3759,7.5
1491,21435,Yama no Susume: Second Season,TV,24,2014,19199,7.5
1492,35672,Yama no Susume: Third Season,TV,13,2018,10467,7.5
1495,18497,Yozakura Quartet: Hana no Uta,TV,13,2013,84219,7.5
1497,11235,Amagami SS+ Plus,TV,13,2012,100720,7.5
1501,8687,Doraemon (2005),TV,1,2013,104380,7.5
1505,4060,Grimm Masterpiece Theater,TV,24,1987,2770,7.5
1506,379,Heppoko Jikken Animation Excel♥Saga,TV,26,1999,81629,7.5
1508,2037,Hime-chan no Ribbon,TV,61,1992,4959,7.5
1512,14527,Medaka Box Abnormal,TV,12,2012,93760,7.5
1514,8476,Otome Youkai Zakuro,TV,13,2010,81178,7.5
1516,3420,Shigofumi,TV,12,2008,66750,7.5
1518,2923,Shugo Chara!,TV,51,2007,148980,7.5
1519,5262,Shugo Chara!! Doki,TV,51,2008,72845,7.5
1520,5958,Sora no Otoshimono,TV,13,2009,310868,7.5
1522,15731,Tamayura: More Aggressive,TV,12,2013,13642,7.5
1523,200,Tenshi na Konamaiki,TV,50,2002,18871,7.5
1524,3613,Toshokan Sensou,TV,12,2008,49837,7.5
1525,1459,Uchuu no Kishi Tekkaman Blade,TV,49,1992,10845,7.5
1526,1651,Uchuu Senkan Yamato 2,TV,26,1978,5054,7.5
1529,102,Aishiteruze Baby★★,TV,26,2004,76973,7.5
1530,586,Ayakashi: Japanese Classic Horror,TV,11,2006,45160,7.5
1538,34933,Kakegurui,TV,12,2017,330826,7.5
1540,32949,Kuzu no Honkai,TV,12,2017,278445,7.5
1541,98,Mai-HiME,TV,26,2004,89302,7.5
1542,593,Mugen no Ryvius,TV,26,1999,30034,7.5
1545,1212,Oban Star-Racers,TV,26,2006,33352,7.5
1548,10257,Pretty Rhythm: Aurora Dream,TV,51,2011,12606,7.5
1549,5671,Saki,TV,25,2009,67684,7.5
1550,30736,Shingeki no Bahamut: Virgin Soul,TV,24,2017,136049,7.5
1551,8557,Shinryaku! Ika Musume,TV,12,2010,126933,7.5
1553,5712,Tanoshii Muumin Ikka Bouken Nikki,TV,26,1991,3592,7.5
1554,3712,Zero no Tsukaima: Princesses no Rondo,TV,12,2008,289285,7.5
1555,29,Zipang,TV,26,2004,12798,7.5
1558,13349,Chouyaku Hyakuninisshu: Uta Koi.,TV,13,2012,19884,7.5
1566,15613,Hakkenden: Touhou Hakken Ibun,TV,13,2013,78121,7.5
1569,35413,Imouto sae Ireba Ii.,TV,12,2017,137212,7.5
1570,12679,Joshiraku,TV,13,2012,72525,7.5
1572,34318,Mekakucity V's,TV,12,2014,207649,7.5
1574,23281,Psycho-Pass 2,TV,11,2014,351119,7.5
1576,5854,Shin Chou Kyou Ryo: Condor Hero III,TV,26,2008,1901,7.5
1577,2596,Shinreigari: Ghost Hound,TV,22,2007,99220,7.5
1578,1642,Sugar Sugar Rune,TV,51,2005,22387,7.5
1582,33094,WWW.Working!!,TV,13,2016,90311,7.5
1584,36934,Captain Tsubasa (2018),TV,52,2018,36648,7.5
1585,59,Chobits,TV,26,2002,331998,7.5
1586,1069,Chou Denji Machine Voltes V,TV,40,1977,4234,7.5
1589,3213,Ganbare Genki,TV,35,1980,1294,7.5
1590,852,Gokinjo Monogatari,TV,50,1995,9589,7.5
1591,35889,Hakata Tonkotsu Ramens,TV,12,2018,82515,7.5
1592,6895,Hakuouki,TV,12,2010,116590,7.5
1593,34281,High School DxD Hero,TV,12,2018,150035,7.5
1596,142,Kamikaze Kaitou Jeanne,TV,44,1999,38173,7.5
1597,6604,Kuruneko,TV,50,2009,3338,7.5
1598,9834,Level E,TV,13,2011,68491,7.5
1599,32526,Love Live! Sunshine!!,TV,13,2016,96670,7.5
1600,435,Magic Knight Rayearth,TV,20,1994,43067,7.5
1602,35828,Miira no Kaikata,TV,12,2018,48948,7.5
1603,3199,Nanatsu no Umi no Tico,TV,39,1994,3157,7.5
1607,490,Paniponi Dash!,TV,26,2005,45956,7.5
1608,64,Rozen Maiden,TV,12,2004,153753,7.5
1609,131,Saiyuuki Reload Gunlock,TV,26,2004,16294,7.5
1610,879,Simoun,TV,26,2006,30978,7.5
1611,1728,Super GALS! Kotobuki Ran,TV,52,2001,12756,7.5
1613,3974,Tetsuwan Birdy Decode,TV,13,2008,65566,7.5
1617,5075,Yuusha Keisatsu J-Decker,TV,48,1994,1799,7.5
1618,35821,Chio-chan no Tsuugakuro,TV,12,2018,55625,7.5
1623,18465,Genshiken Nidaime,TV,13,2013,37114,7.5
1627,2330,Jibaku-kun,TV,26,1999,8200,7.5
1634,327,Puchi Pri*Yucie,TV,26,2002,9989,7.5
1635,28497,Rokka no Yuusha,TV,12,2015,348155,7.5
1636,5277,Sekirei: Pure Engagement,TV,13,2010,155756,7.5
1637,15793,Senki Zesshou Symphogear G,TV,13,2013,35832,7.5
1639,696,Tenchi Muyou!,TV,26,1995,50072,7.5
1640,2337,Tetsujin 28-gou (2004),TV,26,2004,2684,7.5
1643,156,X,TV,24,2001,60294,7.5
1644,1195,Zero no Tsukaima,TV,13,2006,494469,7.5
1645,11759,Accel World,TV,24,2012,463120,7.5
1646,2548,Ai no Wakakusa Monogatari,TV,48,1987,4654,7.5
1649,26349,Danna ga Nani wo Itteiru ka Wakaranai Ken,TV,13,2014,195739,7.5
1652,356,Fate/stay night,TV,24,2006,536135,7.5
1653,134,Gunslinger Girl,TV,13,2003,134670,7.5
1656,1021,Kaikan Phrase,TV,44,1999,9644,7.5
1659,9181,Motto To LOVE-Ru,TV,12,2010,192435,7.5
1662,130,Saiyuuki Reload,TV,25,2003,23510,7.5
1664,35847,SSSS.Gridman,TV,12,2018,81994,7.5
1665,25,Sunabouzu,TV,24,2004,88995,7.5
1671,3972,Yu☆Gi☆Oh! 5D's,TV,154,2008,69617,7.5
1672,8676,Amagami SS,TV,25,2010,217100,7.4
1673,18893,Aoki Hagane no Arpeggio: Ars Nova,TV,12,2013,111770,7.4
1675,11633,Blood Lad,TV,10,2013,369296,7.4
1676,4186,Chrome Shelled Regios,TV,24,2009,140086,7.4
1683,23311,Garo: Honoo no Kokuin,TV,24,2014,94922,7.4
1684,4061,Grimm Masterpiece Theater II,TV,23,1988,1604,7.4
1687,35078,Mitsuboshi Colors,TV,12,2018,47459,7.4
1688,31414,Nijiiro Days,TV,24,2016,107806,7.4
1689,27787,Nisekoi:,TV,12,2015,312034,7.4
1693,165,RahXephon,TV,26,2002,83382,7.4
1696,5355,Sengoku Basara,TV,12,2009,119240,7.4
1697,21573,Senki Zesshou Symphogear GX,TV,13,2015,26371,7.4
1698,5233,Slayers Evolution-R,TV,13,2009,24388,7.4
1699,2014,Taiho Shichau zo: Second Season,TV,26,2001,6691,7.4
1700,36432,Toaru Majutsu no Index III,TV,26,2018,82365,7.4
1702,181,Vandread: The Second Stage,TV,13,2001,42237,7.4
1703,2608,Wangan Midnight,TV,26,2007,16114,7.4
1704,183,Whistle!,TV,39,2002,10036,7.4
1705,798,Yomigaeru Sora: Rescue Wings,TV,12,2006,9387,7.4
1706,12149,AKB0048,TV,13,2012,46530,7.4
1707,1327,Aoki Densetsu Shoot!,TV,58,1993,9189,7.4
1709,29067,Danna ga Nani wo Itteiru ka Wakaranai Ken 2 Sure-me,TV,13,2015,116836,7.4
1716,551,Grappler Baki: Saidai Tournament-hen,TV,24,2001,23794,7.4
1717,35376,Himouto! Umaru-chan R,TV,12,2017,105472,7.4
1718,33241,Honobono Log,TV,10,2016,30841,7.4
1720,1454,Kemonozume,TV,13,2006,46831,7.4
1722,76,Mahou Shoujo Lyrical Nanoha,TV,13,2004,76681,7.4
1726,1060,Oruchuban Ebichu,TV,24,1999,31530,7.4
1727,23421,Re:␣Hamatora,TV,12,2014,107574,7.4
1728,11499,Sankarea,TV,12,2012,330978,7.4
1729,2216,Shigurui,TV,12,2007,71464,7.4
1730,29786,Shimoneta to Iu Gainen ga Sonzai Shinai Taikutsu na Sekai,TV,12,2015,350787,7.4
1731,959,Shin Chou Kyou Ryo: Condor Hero,TV,26,2001,6344,7.4
1733,2555,Shoukoushi Cedie,TV,43,1988,2281,7.4
1734,33362,Starmyu 2nd Season,TV,12,2017,10470,7.4
1735,31680,Super Lovers,TV,10,2016,66075,7.4
1737,36653,Tsurune: Kazemai Koukou Kyuudoubu,TV,13,2018,34653,7.4
1738,35249,Uma Musume: Pretty Derby,TV,13,2018,51432,7.4
1739,4189,Winter Sonata,TV,26,2009,17452,7.4
1743,68,Black Cat,TV,23,2005,190831,7.4
1746,25731,Cross Ange: Tenshi to Ryuu no Rondo,TV,25,2014,117648,7.4
1748,1391,Future GPX Cyber Formula,TV,37,1991,3772,7.4
1749,27631,God Eater,TV,13,2015,303015,7.4
1750,287,Grappler Baki (TV),TV,24,2001,41722,7.4
1754,1852,Hidamari Sketch,TV,12,2007,54835,7.4
1755,37007,Hinomaruzumou,TV,24,2018,30370,7.4
1757,2204,Karakurizoushi Ayatsuri Sakon,TV,26,1999,7918,7.4
1764,16123,Saki Zenkoku-hen,TV,13,2014,24143,7.4
1765,30187,Sakurako-san no Ashimoto ni wa Shitai ga Umatteiru,TV,12,2015,136897,7.4
1766,167,Scrapped Princess,TV,24,2003,71298,7.4
1767,8726,Soredemo Machi wa Mawatteiru,TV,12,2010,40507,7.4
1771,2129,True Tears,TV,13,2008,149205,7.4
1772,10798,UN-GO,TV,11,2011,107962,7.4
1776,103,Akazukin Chacha,TV,74,1994,9686,7.4
1778,1614,Captain Tsubasa: Road to 2002,TV,52,2001,29430,7.4
1784,506,Glass no Kamen,TV,23,1984,5630,7.4
1785,242,Gokusen,TV,13,2004,27802,7.4
1786,32648,Handa-kun,TV,12,2016,129890,7.4
1789,9938,Ikoku Meiro no Croisée The Animation,TV,12,2011,45977,7.4
1791,489,Kamichu!,TV,12,2005,42296,7.4
1792,37447,Karakuri Circus,TV,36,2018,32234,7.4
1793,1878,Kaze no Shoujo Emily,TV,26,2007,4046,7.4
1798,10110,Mayo Chiki!,TV,13,2011,285265,7.4
1801,19369,Outbreak Company,TV,12,2013,203881,7.4
1803,34494,Sakura Quest,TV,25,2017,91173,7.4
1804,24037,Selector Spread WIXOSS,TV,12,2014,58092,7.4
1805,2254,Sentou Mecha Xabungle,TV,50,1982,2507,7.4
1806,960,Shin Chou Kyou Ryo: Condor Hero II,TV,26,2005,2733,7.4
1808,25519,Yuuki Yuuna wa Yuusha de Aru,TV,12,2014,94158,7.4
1809,763,Zoids,TV,67,1999,34510,7.4
1810,1589,Bartender,TV,11,2006,57558,7.4
1811,1222,Bokura ga Ita,TV,26,2006,160181,7.4
1815,16592,Danganronpa: Kibou no Gakuen to Zetsubou no Koukousei The Animation,TV,13,2013,456672,7.4
1818,2553,Flanders no Inu,TV,52,1975,3723,7.4
1819,32696,Fukigen na Mononokean,TV,13,2016,71293,7.4
1820,25183,Gangsta.,TV,12,2015,308358,7.4
1825,1808,Kamichama Karin,TV,26,2007,36862,7.4
1826,16009,Kamisama no Inai Nichiyoubi,TV,12,2013,159794,7.4
1827,3358,Kure-nai,TV,12,2008,70883,7.4
1828,6707,Kuroshitsuji II,TV,12,2010,317422,7.4
1836,37578,Planet With,TV,12,2018,30363,7.4
1842,30911,Tales of Zestiria the X,TV,12,2016,196311,7.4
1847,970,Yokoyama Mitsuteru Sangokushi,TV,47,1991,3828,7.4
1853,10719,Boku wa Tomodachi ga Sukunai,TV,12,2011,473590,7.4
1854,1536,Busou Renkin,TV,26,2006,131035,7.4
1856,2817,Cinderella Monogatari,TV,26,1996,4684,7.4
1858,15583,Date A Live,TV,12,2013,473501,7.4
1859,19163,Date A Live II,TV,10,2014,295679,7.4
1861,501,Doraemon,TV,26,1973,11674,7.4
1863,344,Futatsu no Spica,TV,20,2003,7280,7.4
1874,1972,Meitantei Holmes,TV,26,1984,5944,7.4
1875,11179,Papa no Iukoto wo Kikinasai!,TV,12,2012,129924,7.4
1877,34126,Rewrite 2nd Season,TV,11,2017,66924,7.4
1878,20709,Sabage-bu!,TV,12,2014,100143,7.4
1880,5909,Seitokai no Ichizon,TV,12,2009,139398,7.4
1884,17080,Soukyuu no Fafner: Dead Aggressor - Exodus,TV,13,2015,15549,7.4
1885,34086,Tales of Zestiria the X 2nd Season,TV,13,2017,92198,7.4
1890,113,Uchuu no Stellvia,TV,26,2003,18325,7.4
1891,12711,Uta no☆Prince-sama♪ Maji Love 2000%,TV,13,2013,77879,7.4
1894,15061,Aikatsu!,TV,178,2012,24624,7.4
1904,476,Ginban Kaleidoscope,TV,12,2005,36764,7.4
1905,14811,GJ-bu,TV,12,2013,118469,7.4
1909,1590,Legendz: Yomigaeru Ryuuou Densetsu,TV,50,2004,1887,7.4
1910,16353,Love Lab,TV,13,2013,119904,7.4
1911,1426,Lupin III: Part III,TV,50,1984,10355,7.4
1912,158,Maria-sama ga Miteru,TV,13,2004,42870,7.4
1913,2929,Moonlight Mile 2nd Season: Touch Down,TV,14,2007,3527,7.4
1914,17505,Mushibugyou,TV,26,2013,56466,7.4
1915,1655,Nerima Daikon Brothers,TV,12,2006,6558,7.4
1917,19221,"Ore no Nounai Sentakushi ga, Gakuen Love Comedy wo Zenryoku de Jama Shiteiru",TV,10,2013,258459,7.4
1920,5984,Ristorante Paradiso,TV,11,2009,29676,7.4
1922,168,s.CRY.ed,TV,26,2001,63197,7.4
1923,15751,Senyuu.,TV,13,2013,83788,7.4
1926,7662,Shinrei Tantei Yakumo,TV,13,2010,97065,7.4
1927,2942,Sketchbook: Full Color's,TV,13,2007,21271,7.4
1935,4752,Vampire Knight: Guilty,TV,13,2008,245287,7.4
1936,15911,Yuyushiki,TV,12,2013,70367,7.4
1938,50,Aa! Megami-sama! (TV),TV,24,2005,116541,7.4
1939,35015,Ani ni Tsukeru Kusuri wa Nai!,TV,12,2017,26358,7.4
1942,1684,Dotto Koni-chan,TV,26,2000,1923,7.4
1945,20509,Fate/kaleid liner Prisma☆Illya 2wei!,TV,10,2014,91168,7.4
1946,5684,Fresh Precure!,TV,50,2009,9390,7.4
1949,24625,Gundam Build Fighters Try,TV,25,2014,26115,7.4
1950,1663,Haha wo Tazunete Sanzenri,TV,52,1976,5486,7.4
1952,2228,Honoo no Toukyuuji: Dodge Danpei,TV,47,1991,3059,7.4
1955,1691,Kaze no Stigma,TV,24,2007,287660,7.4
1956,483,Kurau Phantom Memory,TV,24,2004,22400,7.4
1957,633,Legend of Basara,TV,13,1998,7906,7.4
1959,10050,Macross F Music Clip Shuu: Nyankuri,TV,12,2013,246457,7.4
1961,2253,Mazinger Z,TV,92,1972,9012,7.4
1963,5273,Miracle Giants Doumu-kun,TV,49,1989,984,7.4
1964,3342,Mnemosyne: Mnemosyne no Musume-tachi,TV,6,2008,127413,7.4
1965,30016,Nanbaka,TV,13,2016,140754,7.4
1967,36652,Piano no Mori (TV),TV,12,2018,40392,7.4
1968,527,Pokemon,TV,276,1997,320178,7.4
1969,2903,Sakigake!! Otokojuku,TV,34,1988,6948,7.4
1972,32105,Sousei no Onmyouji,TV,50,2016,245087,7.4
1973,198,Speed Grapher,TV,24,2005,81159,7.4
1975,5832,Tiger Mask Nisei,TV,33,1981,3505,7.4
1976,2820,Time Travel Tondekeman!,TV,39,1989,1312,7.4
1978,1744,Wagamama☆Fairy Mirumo de Pon!,TV,172,2002,11575,7.4
1980,4038,Zettai Karen Children,TV,51,2008,33001,7.4
1981,764,Zoids Shinseiki/Zero,TV,26,2001,20215,7.4
1982,1292,Afro Samurai,TV,5,2007,190815,7.4
1983,101,Air,TV,12,2005,223441,7.4
1992,18229,Gatchaman Crowds,TV,12,2013,139704,7.4
1993,15863,Ginga Kikoutai Majestic Prince,TV,24,2013,43390,7.4
1994,4551,Hakushaku to Yousei,TV,12,2008,81764,7.4
1995,714,High School! Kimengumi,TV,86,1985,1980,7.4
2002,2927,Kimikiss Pure Rouge,TV,24,2007,69755,7.4
2008,31722,Nanatsu no Taizai: Seisen no Shirushi,TV,4,2016,217320,7.4
2011,19291,Pokemon XY,TV,93,2013,54627,7.4
2013,710,Rec,TV,9,2006,85177,7.4
2014,238,Rekka no Honoo,TV,42,1997,43977,7.4
2015,18041,Rozen Maiden (2013),TV,13,2013,56992,7.4
2016,573,Saber Marionette J,TV,25,1996,22031,7.4
2018,34102,Sakurada Reset,TV,24,2017,88766,7.4
2022,4884,Tales of the Abyss,TV,26,2008,94002,7.4
2024,34915,The iDOLM@STER SideM,TV,13,2017,12400,7.4
2025,14951,Wonderful Rush,TV,26,2006,25727,7.4
2030,10396,Ben-To,TV,12,2011,208611,7.4
2031,15109,Cuticle Tantei Inaba,TV,12,2013,68440,7.4
2037,505,Fushigiboshi no☆Futagohime,TV,51,2005,6895,7.3
2038,36317,Gaikotsu Shotenin Honda-san,TV,12,2018,40798,7.4
2039,10870,Ghost in the Shell: Stand Alone Complex - Tachikoma na Hibi (TV),TV,12,2007,9666,7.4
2040,6574,Hanamaru Youchien,TV,12,2010,52223,7.4
2045,519,Mahoraba: Heartful days,TV,26,2005,19376,7.4
2049,3225,Minami-ke Okawari,TV,13,2008,58670,7.4
2053,6712,Natsu no Arashi! Akinaichuu,TV,13,2009,14776,7.4
2058,13599,Robotics;Notes,TV,22,2012,136638,7.4
2060,32175,Shounen Maid,TV,12,2016,47187,7.4
2063,855,Strawberry Panic,TV,26,2006,92570,7.4
2064,30344,The iDOLM@STER Cinderella Girls 2nd Season,TV,12,2015,25186,7.4
2066,27899,Tokyo Ghoul √A,TV,12,2015,759729,7.4
2067,27,Trinity Blood,TV,24,2005,137033,7.4
2068,25157,Trinity Seven,TV,12,2014,381469,7.4
2071,34863,Zoku Touken Ranbu: Hanamaru,TV,12,2018,15968,7.4
2073,34611,Answer (2016),TV,13,2009,51036,7.3
2075,2986,Bamboo Blade,TV,26,2007,71479,7.3
2080,653,Galaxy Angel 3,TV,26,2002,7151,7.3
2081,15699,Haiyore! Nyaruko-san W,TV,12,2013,117115,7.3
2082,20689,Hamatora The Animation,TV,12,2014,190843,7.3
2083,5150,Hatsukoi Limited.,TV,12,2009,67599,7.3
2085,20853,Hitsugi no Chaika,TV,12,2014,239731,7.3
2086,34012,Isekai Shokudou,TV,12,2017,101789,7.3
2087,35639,Just Because!,TV,12,2017,148689,7.3
2089,845,Kiba,TV,51,2006,58200,7.3
2091,31952,Kono Bijutsubu ni wa Mondai ga Aru!,TV,12,2016,137047,7.3
2094,2518,Masuda Kousuke Gekijou Gag Manga Biyori 2,TV,12,2006,2324,7.3
2098,23673,Ookami Shoujo to Kuro Ouji,TV,12,2014,228085,7.3
2101,161,Peace Maker Kurogane,TV,24,2003,42387,7.3
2106,5034,Shikabane Hime: Kuro,TV,12,2009,57848,7.3
2110,6381,Strike Witches 2,TV,12,2010,62576,7.3
2111,5141,Taishou Yakyuu Musume.,TV,12,2009,14846,7.3
2112,13333,Tari Tari,TV,13,2012,106067,7.3
2118,3549,Allison to Lillia,TV,26,2008,33542,7.3
2121,2813,Chiisana Ahiru no Ooki na Ai no Monogatari: Ahiru no Kwak,TV,52,1989,4056,7.3
2122,485,Damekko Doubutsu,TV,26,2005,9076,7.3
2123,6880,Deadman Wonderland,TV,12,2011,676180,7.3
2124,1250,Erementar Gerad,TV,26,2005,75303,7.3
2125,21039,Gatchaman Crowds Insight,TV,12,2015,54403,7.3
2126,246,Groove Adventure Rave,TV,51,2001,70941,7.3
2127,3335,Haikara-san ga Tooru,TV,42,1978,2470,7.3
2129,21681,Hanayamata,TV,12,2014,76658,7.3
2131,33490,Kaitou Joker 4th Season,TV,13,2016,2263,7.3
2132,3958,Kannagi,TV,13,2008,114134,7.3
2135,335,Matantei Loki Ragnarok,TV,26,2003,29649,7.3
2136,738,MÄR,TV,102,2005,36507,7.3
2137,330,Midori no Hibi,TV,13,2004,113164,7.3
2138,3655,Nabari no Ou,TV,26,2008,128499,7.3
2146,16417,Tamako Market,TV,12,2013,191398,7.3
2147,3125,Tokimeki Tonight,TV,34,1982,4587,7.3
2148,3859,Top Secret: The Revelation,TV,26,2008,14328,7.3
2149,7058,Uragiri wa Boku no Namae wo Shitteiru,TV,24,2010,68400,7.3
2150,32899,Watashi ga Motete Dousunda,TV,12,2016,161043,7.3
2154,92,After War Gundam X,TV,39,1996,23639,7.3
2156,3006,Atashin'chi,TV,330,2002,2188,7.3
2157,22433,Break Blade,TV,12,2014,64552,7.3
2158,1450,Brigadoon: Marin to Melan,TV,26,2000,8224,7.3
2163,332,Dokidoki♡Densetsu: Mahoujin Guruguru,TV,38,2000,2689,7.3
2166,27829,Heavy Object,TV,24,2015,100063,7.3
2167,15225,Hentai Ouji to Warawanai Neko.,TV,12,2013,287791,7.3
2169,28825,Himouto! Umaru-chan,TV,12,2015,303647,7.3
2171,13261,Inazuma Eleven Go: Chrono Stone,TV,51,2012,22079,7.3
2172,18295,Kakumeiki Valvrave 2nd Season,TV,12,2013,70574,7.3
2180,1722,Nagasarete Airantou,TV,26,2007,63774,7.3
2182,272,Noir,TV,26,2001,81044,7.3
2186,12753,Phi Brain: Kami no Puzzle - Orpheus Order-hen,TV,25,2012,37013,7.3
2187,15651,Phi Brain: Kami no Puzzle - Shukuteki! Rätsel-hen,TV,25,2013,26433,7.3
2192,1231,Saber Marionette J to X,TV,26,1998,10792,7.3
2195,10884,Saki Achiga-hen: Episode of Side-A,TV,12,2012,26834,7.3
2200,1548,Shin Taketori Monogatari: 1000-nen Joou,TV,42,1981,2924,7.3
2203,4663,Tekken Chinmi,TV,20,1988,2657,7.3
2205,944,The Third: Aoi Hitomi no Shoujo,TV,24,2006,16739,7.3
2209,20787,Black Bullet,TV,13,2014,505162,7.3
2210,10163,C: The Money of Soul and Possibility Control,TV,11,2011,206820,7.3
2211,2116,Captain Tsubasa,TV,128,1983,50177,7.3
2215,27525,Fate/kaleid liner Prisma☆Illya 2wei Herz!,TV,10,2015,74914,7.3
2217,3568,Ganbarist! Shun,TV,30,1996,2218,7.3
2220,1410,IGPX: Immortal Grand Prix (2005) 2nd Season,TV,13,2006,8223,7.3
2223,99,Mai-Otome,TV,26,2005,41509,7.3
2225,6030,Needless,TV,24,2009,108837,7.3
2226,351,Ojamajo Doremi Sharp,TV,49,2000,11351,7.3
2227,2744,Potemayo,TV,12,2007,13328,7.3
2228,32951,Rokudenashi Majutsu Koushi to Akashic Records,TV,12,2017,280370,7.3
2232,31178,Uta no☆Prince-sama♪ Maji Love Legend Star,TV,13,2016,23464,7.3
2234,935,Witchblade,TV,24,2006,81024,7.3
2237,282,Angel Heart,TV,50,2005,11992,7.3
2240,1674,Captain Tsubasa J,TV,47,1994,18860,7.3
2241,15611,Cardfight!! Vanguard: Link Joker-hen,TV,59,2013,12594,7.3
2242,1678,Cyborg 009: The Cyborg Soldier,TV,52,2001,19945,7.3
2246,3327,Giant Gorg,TV,26,1984,2654,7.3
2249,386,H2,TV,41,1995,5948,7.3
2250,14645,Hiiro no Kakera Dai Ni Shou,TV,13,2012,35207,7.3
2254,15379,Kotoura-san,TV,12,2013,190211,7.3
2255,4483,Mahoutsukai ni Taisetsu na Koto: Natsu no Sora,TV,12,2008,18631,7.3
2258,4114,Onegai My Melody: Kuru Kuru Shuffle!,TV,52,2006,2540,7.3
2259,33983,Onihei,TV,13,2017,27771,7.3
2260,326,Petshop of Horrors,TV,4,1999,41303,7.3
2264,22273,Selector Infected WIXOSS,TV,12,2014,107609,7.3
2266,4028,Slayers Revolution,TV,13,2008,28106,7.3
2268,75,Soukyuu no Fafner: Dead Aggressor,TV,25,2004,34212,7.3
2269,5226,Souten Kouro,TV,26,2009,13099,7.3
2270,9893,Suite Precure♪,TV,48,2011,9515,7.3
2272,2113,Tenkuu Senki Shurato,TV,38,1989,6738,7.3
2275,2683,Tokyo Majin Gakuen Kenpucho: Tou Dai Ni Maku,TV,12,2007,26185,7.3
2276,5525,07-Ghost,TV,25,2009,154282,7.3
2279,31771,Amanchu!,TV,12,2016,67128,7.3
2282,5356,Canaan,TV,13,2009,156409,7.3
2286,12875,Ginga e Kickoff!!,TV,39,2012,15578,7.3
2287,23539,Gudetama,TV,26,2005,55911,7.3
2292,940,Inukami!,TV,26,2006,55884,7.3
2293,953,Jyu Oh Sei,TV,11,2006,54410,7.3
2294,6980,Kaidan Restaurant,TV,23,2009,11870,7.3
2295,147,Kimi ga Nozomu Eien,TV,14,2003,108701,7.3
2296,16732,Kiniro Mosaic,TV,12,2013,116780,7.3
2298,1374,Kyoushoku Soukou Guyver (2005),TV,26,2005,15432,7.3
2300,352,Motto! Ojamajo Doremi,TV,50,2001,12072,7.3
2301,5597,Natsu no Arashi!,TV,13,2009,37957,7.3
2302,12467,Nazo no Kanojo X,TV,13,2012,144864,7.3
2304,4618,RideBack,TV,12,2009,37749,7.3
2307,33726,Saiyuuki Reload Blast,TV,12,2017,26836,7.3
2310,3009,Tiger Mask,TV,105,1969,5871,7.3
2312,712,Zoids Genesis,TV,50,2005,11800,7.3
2313,306,Abenobashi Mahou☆Shoutengai,TV,13,2002,60570,7.3
2314,104,Ayashi no Ceres,TV,24,2000,45535,7.3
2319,10444,Digimon Xros Wars: Aku no Death General to Nanatsu no Oukoku,TV,24,2011,16902,7.3
2321,1858,Gakuen Utopia Manabi Straight!,TV,12,2007,23628,7.3
2324,31500,High School Fleet,TV,12,2016,65296,7.3
2325,8074,Highschool of the Dead,TV,12,2010,792937,7.3
2328,32245,Kuromukuro,TV,26,2016,82257,7.3
2329,3577,Kyouran Kazoku Nikki,TV,26,2008,24465,7.3
2332,3345,Mikan Enikki,TV,30,1992,1589,7.3
2334,4062,Musashi no Ken,TV,72,1985,1441,7.3
2335,11033,"Natsu-iro Egao de 1, 2, Jump!",TV,11,2012,53829,7.3
2339,35330,Poputepipikku,TV,12,2018,114647,7.3
2340,11835,Qin Shi Ming Yue: Zhu Zi Bai Jia,TV,34,2010,720,7.3
2342,2361,Sei Juushi Bismarck,TV,51,1984,3627,7.3
2343,152,Solty Rei,TV,24,2005,22201,7.3
2344,341,Spiral: Suiri no Kizuna,TV,25,2002,41754,7.3
2345,18277,Strike the Blood,TV,24,2013,353954,7.3
2347,30901,Utawarerumono: Itsuwari no Kamen,TV,25,2015,75616,7.3
2348,7,Witch Hunter Robin,TV,26,2002,78828,7.3
2350,11697,Area no Kishi,TV,37,2012,48968,7.3
2351,5675,Basquash!,TV,26,2009,35861,7.3
2353,6149,Chibi Maruko-chan (1995),TV,1,1990,1270,7.3
2356,2383,Cybersix,TV,13,1999,5011,7.3
2360,4726,Druaga no Tou: The Sword of Uruk,TV,12,2009,57303,7.3
2364,38235,Inazuma Eleven: Orion no Kokuin,TV,1,2005,8074,7.3
2366,34712,Kujira no Kora wa Sajou ni Utau,TV,12,2017,100713,7.3
2371,30771,Mudai,TV,13,2007,140963,7.3
2373,7769,Ookami-san to Shichinin no Nakama-tachi,TV,12,2010,193505,7.3
2375,15905,Qin Shi Ming Yue: Wanli Changcheng,TV,37,2012,707,7.3
2376,4581,Shikabane Hime: Aka,TV,13,2008,88924,7.3
2377,28621,Subete ga F ni Naru: The Perfect Insider,TV,11,2015,111122,7.3
2378,9241,Super Robot Taisen OG: The Inspector,TV,26,2010,6985,7.3
2379,36475,Sword Art Online Alternative: Gun Gale Online,TV,12,2018,217440,7.3
2380,10232,Tamayura: Hitotose,TV,12,2011,32243,7.3
2387,37716,Beelzebub-jou no Okinimesu mama.,TV,12,2018,24612,7.3
2389,3627,D.C.II S.S.: Da Capo II Second Season,TV,13,2008,23970,7.3
2390,8915,Dantalian no Shoka,TV,12,2011,107291,7.3
2394,655,Galaxy Angel 4,TV,13,2004,5869,7.3
2396,29325,Ghost in the Shell: Arise - Alternative Architecture,TV,10,2015,31465,7.3
2399,37210,Isekai Maou to Shoukan Shoujo no Dorei Majutsu,TV,12,2018,180050,7.3
2400,14765,Ixion Saga DT,TV,25,2012,74219,7.3
2402,3272,Kinnikuman,TV,137,1983,5878,7.3
2404,1013,Le Chevalier D'Eon,TV,24,2006,41441,7.3
2406,21863,Mangaka-san to Assistant-san to The Animation,TV,12,2014,164836,7.3
2407,1196,Masuda Kousuke Gekijou Gag Manga Biyori,TV,12,2005,6829,7.3
2416,8769,Ore no Imouto ga Konnani Kawaii Wake ga Nai,TV,12,2010,444147,7.3
2417,107,Ou Dorobou Jing,TV,13,2002,28463,7.3
2420,2486,Rumiko Takahashi Anthology,TV,13,2003,4557,7.3
2421,8934,Star Driver: Kagayaki no Takuto,TV,25,2010,82787,7.3
2422,390,Suzuka,TV,26,2005,84215,7.3
2423,6758,Tatakau Shisho: The Book of Bantorra,TV,27,2009,45658,7.3
2424,36511,Tokyo Ghoul:re,TV,12,2018,316587,7.3
2432,2036,Cosmic Baton Girl Comet-san☆,TV,43,2001,2360,7.3
2433,61,D.N.Angel,TV,26,2003,147540,7.3
2434,32494,Days (TV),TV,24,2016,80425,7.3
2435,31163,Dimension W,TV,12,2016,195225,7.3
2440,31737,Gakusen Toshi Asterisk 2nd Season,TV,12,2016,197293,7.3
2441,2484,Gear Fighter Dendoh,TV,38,2000,2078,7.3
2443,915,Ginga Densetsu Weed,TV,26,2005,9782,7.3
2448,28387,Joukamachi no Dandelion,TV,12,2015,101641,7.3
2449,3010,Kaiketsu Zorro,TV,52,1996,6890,7.3
2450,28869,Kaitou Joker 2nd Season,TV,13,2015,3806,7.3
2451,2544,Kazoku Robinson Hyouryuuki: Fushigi na Shima no Flone,TV,50,1981,2847,7.3
2452,52,Kidou Tenshi Angelic Layer,TV,26,2001,45580,7.3
2453,28623,Koutetsujou no Kabaneri,TV,12,2016,415503,7.3
2455,4375,Kyoro-chan,TV,91,1999,1574,7.3
2456,17247,Machine-Doll wa Kizutsukanai,TV,12,2013,201350,7.3
2457,28013,Macross Δ,TV,26,2016,47528,7.3
2458,24455,Madan no Ou to Vanadis,TV,13,2014,189246,7.3
2459,2818,Madou King Granzort,TV,41,1989,1227,7.3
2460,94,Mobile Suit Gundam SEED Destiny,TV,50,2004,77910,7.3
2461,3467,Nogizaka Haruka no Himitsu,TV,12,2008,99444,7.3
2462,6512,Nyan Koi!,TV,12,2009,183542,7.3
2463,2152,Oh! Edo Rocket,TV,26,2007,9636,7.3
2468,4063,Sekirei,TV,12,2008,254314,7.3
2471,1965,Sola,TV,13,2007,82306,7.3
2473,3036,Tobe! Isami,TV,50,1995,1281,7.3
2477,17917,Danball Senki Wars,TV,37,2013,2664,7.2
2478,2748,Dash! Kappei,TV,65,1981,3480,7.2
2481,2030,El Cazador de la Bruja,TV,26,2007,38902,7.2
2483,1126,Figure 17: Tsubasa &amp;amp; Hikaru,TV,13,2001,8970,7.2
2484,1524,Fuujin Monogatari,TV,13,2004,11296,7.2
2485,34279,Grancrest Senki,TV,24,2018,115363,7.2
2487,24231,Hitsugi no Chaika: Avenging Battle,TV,10,2014,131972,7.2
2489,34104,Knight's &amp;amp; Magic,TV,13,2017,110856,7.2
2490,34338,Lost Song,TV,12,2018,12239,7.2
2496,195,Onegai☆Teacher,TV,12,2002,123097,7.2
2502,100,Shin Shirayuki-hime Densetsu Prétear,TV,13,2001,45237,7.2
2503,173,Tactics,TV,25,2004,32198,7.2
2509,30740,Young Black Jack,TV,12,2015,56828,7.2
2510,550,Yu☆Gi☆Oh!,TV,27,1998,126746,7.2
2512,30205,Aoharu x Kikanjuu,TV,12,2015,143884,7.2
2517,2987,Ginga Hyouryuu Vifam,TV,46,1983,2066,7.2
2520,34787,Idol Time PriPara,TV,51,2017,2972,7.2
2521,25159,Inou-Battle wa Nichijou-kei no Naka de,TV,12,2014,228006,7.2
2523,21563,Kamigami no Asobi,TV,12,2014,87333,7.2
2524,16035,Karneval,TV,13,2013,141952,7.2
2530,333,Mama wa Shougaku 4 Nensei,TV,51,1992,2863,7.2
2533,30307,Monster Musume no Iru Nichijou,TV,12,2015,333290,7.2
2537,22865,Rokujouma no Shinryakusha!?,TV,12,2014,114541,7.2
2538,21561,Ryuugajou Nanana no Maizoukin,TV,11,2014,147495,7.2
2539,3624,Seimei no Kagaku: Micro Patrol,TV,26,1999,3742,7.2
2543,3000,Taiho Shichau zo: Full Throttle,TV,23,2007,6327,7.2
2544,10321,Uta no☆Prince-sama♪ Maji Love 1000%,TV,13,2011,134858,7.2
2545,3457,Vampire Knight,TV,13,2008,367583,7.2
2546,180,Vandread,TV,13,2000,63993,7.2
2550,2225,Alps no Shoujo Heidi,TV,52,1974,17853,7.2
2557,3230,Druaga no Tou: The Aegis of Uruk,TV,12,2008,88710,7.2
2559,1886,Fushigiboshi no☆Futagohime Gyu!,TV,52,2006,3261,7.2
2560,36144,Garo: Vanishing Line,TV,24,2017,44685,7.2
2561,5658,Great Mazinger,TV,56,1974,3011,7.2
2562,958,HeatGuy J,TV,25,2002,13079,7.2
2564,20457,"Inari, Konkon, Koi Iroha.",TV,10,2014,96077,7.2
2567,469,Karin,TV,24,2005,130144,7.2
2568,32686,Keijo!!!!!!!!,TV,12,2016,196707,7.2
2569,274,Kiddy Grade,TV,24,2002,35724,7.2
2570,3229,Kimi ga Aruji de Shitsuji ga Ore de,TV,13,2008,84366,7.2
2571,1516,Kirarin☆Revolution,TV,153,2006,19099,7.2
2574,4903,Kyou no 5 no 2 (TV),TV,13,2008,27409,7.2
2576,2736,Mojakou,TV,74,1995,1538,7.2
2581,9981,Phi Brain: Kami no Puzzle,TV,25,2011,81397,7.2
2582,5504,Shinkyoku Soukai Polyphonica Crimson S,TV,12,2009,20309,7.2
2583,11341,Tantei Opera Milky Holmes Dai 2 Maku,TV,12,2012,14236,7.2
2584,3594,Tears to Tiara,TV,26,2009,60130,7.2
2586,37722,Uchi no Maid ga Uzasugiru!,TV,12,2018,45214,7.2
2589,3322,Wagaya no Oinari-sama.,TV,24,2008,26351,7.2
2592,2825,Arabian Nights: Sindbad no Bouken (TV),TV,52,1975,3802,7.2
2593,21437,Buddy Complex,TV,13,2014,58554,7.2
2594,12293,Campione!: Matsurowanu Kamigami to Kamigoroshi no Maou,TV,13,2012,222927,7.2
2595,24031,Denki-gai no Honya-san,TV,12,2014,86448,7.2
2596,9379,Denpa Onna to Seishun Otoko,TV,12,2011,201982,7.2
2600,2222,Dr. Slump: Arale-chan,TV,243,1981,8219,7.2
2606,31670,Kaitou Joker 3rd Season,TV,13,2016,2885,7.2
2608,31610,Kyoukai no Rinne 2nd Season,TV,25,2016,23937,7.2
2610,33299,Magic-Kyun! Renaissance,TV,13,2016,25285,7.2
2611,1017,Majutsushi Orphen,TV,24,1998,25415,7.2
2612,8424,MM!,TV,12,2010,168573,7.2
2614,4879,Mouryou no Hako,TV,13,2008,44872,7.2
2615,6023,Nogizaka Haruka no Himitsu: Purezza,TV,12,2009,54738,7.2
2616,13659,Ore no Imouto ga Konnani Kawaii Wake ga Nai.,TV,13,2013,277206,7.2
2617,14749,Ore no Kanojo to Osananajimi ga Shuraba Sugiru,TV,13,2013,253664,7.2
2618,529,Saishuu Heiki Kanojo,TV,13,2002,71421,7.2
2620,4382,Suzumiya Haruhi no Yuuutsu (2009),TV,14,2009,326669,7.2
2625,10447,Aquarion Evol,TV,26,2012,79459,7.2
2627,12651,Danball Senki W,TV,58,2012,3067,7.2
2629,2803,Densetsu no Yuusha Da Garn,TV,46,1992,2639,7.2
2632,1845,Gaiking: Legend of Daiku-Maryu,TV,39,2005,3292,7.2
2633,652,Galaxy Angel Z,TV,9,2002,7615,7.2
2635,1490,Ginga Tetsudou Monogatari,TV,26,2003,7831,7.2
2636,5041,Guin Saga,TV,26,2009,32799,7.2
2638,16668,Kakumeiki Valvrave,TV,12,2013,121536,7.2
2642,634,Koi Kaze,TV,13,2004,57624,7.2
2643,9013,Kuruneko 2nd Season,TV,50,2010,915,7.2
2645,2542,Lady Georgie,TV,45,1983,5806,7.2
2646,276,Mahoromatic: Automatic Maiden,TV,12,2001,45725,7.2
2647,3437,Mister Ajikko,TV,99,1987,2782,7.2
2650,613,Onmyou Taisenki,TV,52,2004,4657,7.2
2654,1846,Princess Nine: Kisaragi Joshikou Yakyuubu,TV,26,1998,7588,7.2
2661,2816,Toushou Daimos,TV,44,1978,3753,7.2
2662,178,Ultra Maniac,TV,26,2003,23557,7.2
2663,4896,Umineko no Naku Koro ni,TV,26,2009,155785,7.2
2664,1932,Yes! Precure 5,TV,49,2007,8868,7.2
2665,3692,Yes! Precure 5 GoGo!,TV,48,2008,5319,7.2
2667,6164,Aoi Hana,TV,11,2009,59639,7.2
2669,37476,Cardfight!! Vanguard (2018),TV,1,2000,2505,7.2
2671,4690,Cyborg 009 (1979),TV,50,1979,5455,7.2
2673,1132,Digimon Frontier,TV,50,2002,100423,7.2
2680,3231,Gunslinger Girl: Il Teatrino,TV,13,2008,46365,7.2
2682,3298,Hatenkou Yuugi,TV,10,2008,30020,7.2
2686,277,Mahoromatic 2,TV,14,2002,25326,7.2
2687,10397,Mashiro-iro Symphony: The Color of Lovers,TV,12,2011,105314,7.2
2688,7761,Masuda Kousuke Gekijou Gag Manga Biyori +,TV,12,2010,1560,7.2
2689,2834,Miracle☆Girls,TV,51,1993,2816,7.2
2690,13409,Moyashimon Returns,TV,11,2012,19424,7.2
2692,12979,Naruto SD: Rock Lee no Seishun Full-Power Ninden,TV,51,2012,43439,7.2
2696,37569,Sirius,TV,12,2018,79100,7.2
2700,2747,Tetsuwan Atom,TV,193,1963,7128,7.2
2702,19117,Toaru Hikuushi e no Koiuta,TV,13,2014,71424,7.2
2703,1860,Tokyo Majin Gakuen Kenpucho: Tou,TV,14,2007,54233,7.2
2704,33589,ViVid Strike!,TV,12,2016,35120,7.2
2709,11783,Dog Days',TV,13,2012,73061,7.2
2710,5760,Dororo to Hyakkimaru,TV,26,1969,2455,7.2
2711,14829,Fate/kaleid liner Prisma☆Illya,TV,10,2013,157311,7.2
2715,1371,Hi no Tori,TV,13,2004,5573,7.2
2716,3418,Jungle no Ouja Taa-chan,TV,50,1993,1241,7.2
2717,26441,Junketsu no Maria,TV,12,2015,105707,7.2
2718,1145,Kaze no Youjinbou,TV,25,2001,7998,7.2
2719,1086,Kenran Butou Sai: The Mars Daybreak,TV,26,2004,16238,7.2
2722,12175,Koi to Senkyo to Chocolate,TV,12,2012,131566,7.2
2723,5079,Kurokami The Animation,TV,23,2009,91604,7.2
2724,189,Love Hina,TV,24,2000,190607,7.2
2725,1941,Moonlight Mile 1st Season: Lift Off,TV,12,2007,7874,7.2
2730,1565,Pokemon Diamond &amp;amp; Pearl,TV,191,2006,69835,7.2
2732,16051,Ro-Kyu-Bu! SS,TV,12,2013,27408,7.2
2733,2108,Rockman.EXE Axess,TV,51,2003,11739,7.2
2734,22359,Sanzoku no Musume Ronja,TV,26,2014,20156,7.2
2738,1133,Tenchi Muyou! GXP,TV,26,2002,21878,7.2
2739,3455,To LOVE-Ru,TV,26,2008,347999,7.2
2744,482,Yu☆Gi☆Oh!: Duel Monsters GX,TV,180,2004,111512,7.2
2745,394,Ai Yori Aoshi: Enishi,TV,12,2003,44858,7.2
2746,36800,Amanchu! Advance,TV,12,2018,21356,7.2
2747,35834,Angolmois: Genkou Kassenki,TV,12,2018,30978,7.2
2748,2333,Anime Sanjuushi,TV,52,1987,2899,7.2
2750,6901,Battle Spirits: Shounen Gekiha Dan,TV,50,2009,1730,7.2
2751,1498,Black Blood Brothers,TV,12,2006,80727,7.2
2755,1778,Dae Jang Geum: Jang Geum's Dream,TV,26,2005,1968,7.2
2759,2624,"Flanders no Inu, Boku no Patrasche",TV,26,1992,1163,7.2
2760,1534,Futari wa Precure: Splash☆Star,TV,49,2006,7328,7.2
2769,279,Kyougoku Natsuhiko: Kousetsu Hyaku Monogatari,TV,13,2003,25640,7.2
2770,206,Lodoss-tou Senki: Eiyuu Kishi Den,TV,27,1998,20414,7.2
2771,1164,Mahou Senshi Louie,TV,24,2001,15491,7.2
2772,4056,Masuda Kousuke Gekijou Gag Manga Biyori 3,TV,12,2008,2047,7.2
2774,350,Ojamajo Doremi,TV,51,1999,28243,7.2
2775,1538,Pumpkin Scissors,TV,24,2006,30149,7.2
2776,32094,Reikenzan: Hoshikuzu-tachi no Utage,TV,12,2016,56568,7.2
2777,1835,Ryuusei no Rockman,TV,55,2006,8800,7.2
2780,79,Shuffle!,TV,24,2005,201203,7.2
2783,4705,Tengen Toppa Gurren Lagann: Parallel Works,TV,52,1980,7784,7.2
2785,1652,Uchuu Senkan Yamato III,TV,25,1980,3665,7.2
2788,36726,Yuragi-sou no Yuuna-san,TV,12,2018,83263,7.2
2791,369,Boogiepop wa Warawanai,TV,12,2000,64165,7.2
2792,2043,Cat's Eye,TV,73,1983,10626,7.2
2793,1312,Chikyuu Bouei Kigyou Dai-Guard,TV,26,1999,6109,7.2
2794,7081,Danball Senki,TV,44,2011,5068,7.2
2796,424,Dirty Pair,TV,24,1985,14891,7.2
2799,34280,Gamers!,TV,12,2017,265625,7.2
2800,18411,Gingitsune,TV,12,2013,42204,7.2
2804,990,Kamisama Kazoku,TV,13,2006,38558,7.2
2805,144,Kanon,TV,13,2002,48769,7.2
2806,2602,Kenkou Zenrakei Suieibu Umishou,TV,13,2007,30370,7.2
2807,3670,Kikou Souseiki Mospeada,TV,25,1983,5699,7.2
2809,4198,Koutetsu Jeeg,TV,46,1975,1647,7.2
2810,10456,Kyoukaisenjou no Horizon,TV,13,2011,124009,7.2
2812,690,Kyuuketsuhime Miyu (TV),TV,26,1997,26497,7.2
2816,8917,Mouretsu Pirates,TV,26,2012,57998,7.2
2819,2543,Robin Hood no Daibouken,TV,52,1990,5165,7.2
2822,5702,Sora wo Miageru Shoujo no Hitomi ni Utsuru Sekai,TV,9,2009,30363,7.2
2826,37579,Tonari no Kyuuketsuki-san,TV,12,2018,38482,7.2
2827,16742,Watashi ga Motenai no wa Dou Kangaetemo Omaera ga Warui!,TV,12,2013,383457,7.2
2830,1246,Yuugo: Koushounin,TV,13,2004,8131,7.2
2831,34881,Aho Girl,TV,12,2017,191737,7.2
2832,53,Ai Yori Aoshi,TV,24,2002,81122,7.2
2833,31588,All Out!!,TV,25,2016,66753,7.2
2839,4586,Daisuki! BuBu ChaCha,TV,26,2001,1065,7.2
2844,395,Gantz 2nd Stage,TV,13,2004,111454,7.2
2852,1397,Macross 7,TV,49,1994,19908,7.2
2853,6262,Manga Sekai Mukashibanashi,TV,127,1976,866,7.2
2859,2283,Red Baron,TV,49,1994,1827,7.2
2860,1108,Senkaiden Houshin Engi,TV,26,1999,12921,7.2
2862,3738,Usavich II,TV,13,2007,3890,7.2
2863,5397,Usavich III,TV,13,2008,3502,7.2
2864,21439,Uta no☆Prince-sama♪ Maji Love Revolutions,TV,13,2015,38580,7.2
2866,1543,Yoake Mae yori Ruriiro na: Crescent Love,TV,12,2006,28421,7.2
2867,34176,Zero kara Hajimeru Mahou no Sho,TV,12,2017,146905,7.2
2870,34350,Alice to Zouroku,TV,12,2017,78620,7.1
2872,4071,Black Jack (TV): Hizouban Specials,TV,2,2006,2166,7.1
2875,9539,Cardfight!! Vanguard,TV,65,2011,32684,7.1
2878,1683,Di Gi Charat Nyo,TV,104,2003,4674,7.1
2880,5670,GA: Geijutsuka Art Design Class,TV,12,2009,15253,7.1
2881,11785,Haiyore! Nyaruko-san,TV,12,2012,219797,7.1
2882,4549,Hokuto no Ken: Raoh Gaiden Ten no Haoh,TV,13,2008,8579,7.1
2884,3638,Kaiketsu Zorori (TV),TV,52,2004,1693,7.1
2887,2044,Mahou no Tenshi Creamy Mami,TV,52,1983,7388,7.1
2888,1110,Mermaid Melody Pichi Pichi Pitch Pure,TV,39,2004,25351,7.1
2891,5343,Monkey Punch: Manga Katsudou Daishashin,TV,12,2004,1106,7.1
2892,3305,Muteki Koujin Daitarn 3,TV,40,1978,1898,7.1
2894,5200,Offside (TV),TV,39,2001,1852,7.1
2897,2110,Rockman.EXE Beast,TV,25,2005,5356,7.1
2898,2109,Rockman.EXE Stream,TV,51,2004,5895,7.1
2900,678,Shadow Skill: Eigi,TV,26,1998,9716,7.1
2902,30649,Shin Atashin'chi,TV,26,2015,1755,7.1
2903,12191,Smile Precure!,TV,48,2012,15902,7.1
2909,32924,Urara Meirochou,TV,12,2017,78841,7.1
2911,21085,Witch Craft Works,TV,12,2014,158868,7.1
2912,35220,Youkai Apartment no Yuuga na Nichijou,TV,26,2017,42367,7.1
2914,16201,Aku no Hana,TV,13,2013,120860,7.1
2915,3079,Aoki Ryuusei SPT Layzner,TV,38,1985,3625,7.1
2919,31417,Binan Koukou Chikyuu Boueibu LOVE! LOVE!,TV,12,2016,19473,7.1
2921,9907,Bokura no Live Kimi to no Life,TV,26,1986,979,7.1
2925,34662,Fate/Apocrypha,TV,25,2017,202046,7.1
2930,384,Gantz,TV,13,2004,224713,7.1
2931,243,Gravitation,TV,13,2000,82261,7.1
2932,3299,H2O: Footprints in the Sand,TV,12,2008,76516,7.1
2933,5983,Higepiyo,TV,39,2009,4925,7.1
2934,3270,IGPX: Immortal Grand Prix (2005),TV,13,2005,14060,7.1
2935,10507,Inazuma Eleven Go,TV,47,2011,32584,7.1
2939,31815,"Kono Danshi, Mahou ga Oshigoto Desu.",TV,4,2016,16240,7.1
2940,34607,Lostorage Conflated WIXOSS,TV,12,2018,18244,7.1
2941,21603,Mekakucity Actors,TV,12,2014,287243,7.1
2942,1738,Muteki Kanban Musume,TV,12,2006,14642,7.1
2945,32013,Oshiete! Galko-chan,TV,12,2016,92191,7.1
2948,1564,Pokemon Advanced Generation,TV,192,2002,96386,7.1
2949,3363,RD Sennou Chousashitsu,TV,26,2008,20111,7.1
2950,929,Seisenshi Dunbine,TV,49,1983,5887,7.1
2956,553,Yami no Matsuei,TV,13,2000,40941,7.1
2957,1264,Yoroiden Samurai Troopers,TV,39,1988,13212,7.1
2959,37204,Aikatsu Friends!,TV,26,1998,25072,7.1
2963,9200,Dae Jang Geum: Jang Geum's Dream 2,TV,26,2007,769,7.1
2964,37597,Dakaretai Otoko 1-i ni Odosarete Imasu.,TV,13,2018,22947,7.1
2966,1179,Gakuen Senki Muryou,TV,26,2001,4341,7.1
2969,729,Hiatari Ryoukou!,TV,48,1987,2330,7.1
2971,2335,Kenyuu Densetsu Yaiba,TV,52,1993,6284,7.1
2975,36548,Kokkoku,TV,12,2018,101037,7.1
2978,604,Mahou no Stage Fancy Lala,TV,26,1998,7789,7.1
2979,872,Mahou Shoujo-tai Arusu,TV,40,2004,21150,7.1
2980,11021,Muv-Luv Alternative: Total Eclipse,TV,24,2012,68878,7.1
2983,1493,Project ARMS: The 2nd Chapter,TV,26,2001,4117,7.1
2986,31564,Sansha Sanyou,TV,12,2016,43177,7.1
2987,6203,Sasameki Koto,TV,13,2009,46101,7.1
2990,2758,Shippuu! Iron Leaguer,TV,52,1993,707,7.1
2991,478,Sousei no Aquarion,TV,26,2005,57573,7.1
2994,3332,Stop!! Hibari-kun!,TV,35,1983,2996,7.1
2995,21881,Sword Art Online II,TV,24,2014,911220,7.1
2996,4532,Taiyou no Yuusha Fighbird,TV,48,1991,1746,7.1
2999,2577,Tom Sawyer no Bouken,TV,49,1980,3648,7.1
3000,31370,Tonkatsu DJ Agetarou,TV,12,2016,9884,7.1
